<?xml version="1.0" encoding="UTF-8"?>

<CodeSystem xmlns="http://hl7.org/fhir">
  <id value="lk-core-province-cs"/>
  <text>
    <status value="generated"/><div xmlns="http://www.w3.org/1999/xhtml">Placeholder</div>
  </text>
  <url value="http://fhir.health.gov.lk/CodeSystem/lk-core-province-cs"/>
  <version value="0.1.0"/>
  <name value="LKCoreProvinceCS"/>
  <title value="LK Core Province Code System"/>
  <status value="draft"/>
  <date value="2023-09-05T15:30:49+05:30"/>
  <description value="LK Core Province Code System"/>
  <content value="complete"/>
  <count value="9"/>
  <concept>
    <code value="LK-1"/>
    <display value="Western Province"/>
  </concept>
  <concept>
    <code value="LK-2"/>
    <display value="Central Province"/>
  </concept>
  <concept>
    <code value="LK-3"/>
    <display value="Southern Province"/>
  </concept>
  <concept>
    <code value="LK-4"/>
    <display value="Nothern Province"/>
  </concept>
  <concept>
    <code value="LK-5"/>
    <display value="Eastern Province"/>
  </concept>
  <concept>
    <code value="LK-6"/>
    <display value="North Western Province"/>
  </concept>
  <concept>
    <code value="LK-7"/>
    <display value="North Central Province"/>
  </concept>
  <concept>
    <code value="LK-8"/>
    <display value="Uva Province"/>
  </concept>
  <concept>
    <code value="LK-9"/>
    <display value="Sabaragamuwa Province"/>
  </concept>
</CodeSystem>