<?xml version="1.0" encoding="UTF-8"?>

<CodeSystem xmlns="http://hl7.org/fhir">
  <id value="lk-core-district-cs"/>
  <text>
    <status value="generated"/><div xmlns="http://www.w3.org/1999/xhtml">Placeholder</div>
  </text>
  <url value="http://fhir.health.gov.lk/CodeSystem/lk-core-district-cs"/>
  <version value="0.1.0"/>
  <name value="LKCoreDistrictCS"/>
  <title value="LK Core District Code System"/>
  <status value="draft"/>
  <date value="2023-09-05T15:30:49+05:30"/>
  <description value="LK Core District Code System"/>
  <content value="complete"/>
  <count value="25"/>
  <concept>
    <code value="LK-11"/>
    <display value="Colombo"/>
  </concept>
  <concept>
    <code value="LK-12"/>
    <display value="Gampaha"/>
  </concept>
  <concept>
    <code value="LK-13"/>
    <display value="Kalutara"/>
  </concept>
  <concept>
    <code value="LK-21"/>
    <display value="Kandy"/>
  </concept>
  <concept>
    <code value="LK-22"/>
    <display value="Matale"/>
  </concept>
  <concept>
    <code value="LK-23"/>
    <display value="Nuwara Eliya"/>
  </concept>
  <concept>
    <code value="LK-31"/>
    <display value="Galle"/>
  </concept>
  <concept>
    <code value="LK-32"/>
    <display value="Matara"/>
  </concept>
  <concept>
    <code value="LK-33"/>
    <display value="Hambantota"/>
  </concept>
  <concept>
    <code value="LK-41"/>
    <display value="Jaffna"/>
  </concept>
  <concept>
    <code value="LK-42"/>
    <display value="Kilinochchi"/>
  </concept>
  <concept>
    <code value="LK-43"/>
    <display value="Mannar"/>
  </concept>
  <concept>
    <code value="LK-44"/>
    <display value="Vavuniya"/>
  </concept>
  <concept>
    <code value="LK-45"/>
    <display value="Mullaittivu"/>
  </concept>
  <concept>
    <code value="LK-51"/>
    <display value="Batticaloa"/>
  </concept>
  <concept>
    <code value="LK-52"/>
    <display value="Ampara"/>
  </concept>
  <concept>
    <code value="LK-53"/>
    <display value="Trincomalee"/>
  </concept>
  <concept>
    <code value="LK-61"/>
    <display value="Kurunegala"/>
  </concept>
  <concept>
    <code value="LK-62"/>
    <display value="Puttalam"/>
  </concept>
  <concept>
    <code value="LK-71"/>
    <display value="Anuradhapura"/>
  </concept>
  <concept>
    <code value="LK-72"/>
    <display value="Polonnaruwa"/>
  </concept>
  <concept>
    <code value="LK-81"/>
    <display value="Badulla"/>
  </concept>
  <concept>
    <code value="LK-82"/>
    <display value="Monaragala"/>
  </concept>
  <concept>
    <code value="LK-91"/>
    <display value="Ratnapura"/>
  </concept>
  <concept>
    <code value="LK-92"/>
    <display value="Kegalla"/>
  </concept>
</CodeSystem>