<?xml version="1.0" encoding="UTF-8"?>

<CodeSystem xmlns="http://hl7.org/fhir">
  <id value="lk-core-allergyintolerance-code-cs"/>
  <text>
    <status value="generated"/><div xmlns="http://www.w3.org/1999/xhtml">Placeholder</div>
  </text>
  <url value="http://fhir.health.gov.lk/CodeSystem/allergy-intolerance-code-cs"/>
  <version value="0.1.0"/>
  <name value="LKCoreAllergyIntoleranceCodeCS"/>
  <title value="LK Core Allergy Intolerance Code System"/>
  <status value="draft"/>
  <date value="2023-09-05T15:30:49+05:30"/>
  <description value="Substances, medciations and other allergens for Sri Lanka"/>
  <content value="complete"/>
  <count value="1"/>
  <concept>
    <code value="Sub-1"/>
    <display value="Example substance"/>
    <definition value="Level 1 is the bottom level, below the lower edge of the pectoralis minor muscle."/>
  </concept>
</CodeSystem>