<?xml version="1.0" encoding="UTF-8"?>

<CodeSystem xmlns="http://hl7.org/fhir">
  <id value="lk-core-moh-area-cs"/>
  <text>
    <status value="generated"/><div xmlns="http://www.w3.org/1999/xhtml">Placeholder</div>
  </text>
  <url value="http://fhir.health.gov.lk/CodeSystem/lk-core-moh-area-cs"/>
  <version value="0.1.0"/>
  <name value="LKCoreMOHAreaCS"/>
  <title value="LK Core MOH Area Code System"/>
  <status value="draft"/>
  <date value="2023-09-05T15:30:49+05:30"/>
  <description value="LK Core MOH Area Code System"/>
  <content value="complete"/>
  <count value="352"/>
  <concept>
    <code value="moh001"/>
    <display value="Beruwala MOH"/>
  </concept>
  <concept>
    <code value="moh002"/>
    <display value="Kalutara MOH"/>
  </concept>
  <concept>
    <code value="moh003"/>
    <display value="Galenbindunuwewa MOH"/>
  </concept>
  <concept>
    <code value="moh004"/>
    <display value="Galkiriyagama (Palagala) MOH"/>
  </concept>
  <concept>
    <code value="moh005"/>
    <display value="Galnewa MOH"/>
  </concept>
  <concept>
    <code value="moh006"/>
    <display value="Horowpothana MOH"/>
  </concept>
  <concept>
    <code value="moh007"/>
    <display value="Ipalogama MOH"/>
  </concept>
  <concept>
    <code value="moh008"/>
    <display value="Kahatagasdigiliya MOH"/>
  </concept>
  <concept>
    <code value="moh009"/>
    <display value="Kebithigollewa MOH"/>
  </concept>
  <concept>
    <code value="moh010"/>
    <display value="Kekirawa MOH"/>
  </concept>
  <concept>
    <code value="moh011"/>
    <display value="Medawachchiya MOH"/>
  </concept>
  <concept>
    <code value="moh012"/>
    <display value="Mihinthale MOH"/>
  </concept>
  <concept>
    <code value="moh013"/>
    <display value="Nachchiyadoowa MOH"/>
  </concept>
  <concept>
    <code value="moh014"/>
    <display value="Nochchiyagama MOH"/>
  </concept>
  <concept>
    <code value="moh015"/>
    <display value="Nuwaragam Palatha Central MOH"/>
  </concept>
  <concept>
    <code value="moh016"/>
    <display value="Nuwaragam Palatha East MOH"/>
  </concept>
  <concept>
    <code value="moh017"/>
    <display value="Padaviya MOH"/>
  </concept>
  <concept>
    <code value="moh018"/>
    <display value="Palugaswewa MOH"/>
  </concept>
  <concept>
    <code value="moh019"/>
    <display value="Rajanganaya MOH"/>
  </concept>
  <concept>
    <code value="moh020"/>
    <display value="Rambewa MOH"/>
  </concept>
  <concept>
    <code value="moh021"/>
    <display value="Thalawa MOH"/>
  </concept>
  <concept>
    <code value="moh022"/>
    <display value="Thambuttegama MOH"/>
  </concept>
  <concept>
    <code value="moh023"/>
    <display value="Thirappane MOH"/>
  </concept>
  <concept>
    <code value="moh024"/>
    <display value="Wilachchiya MOH"/>
  </concept>
  <concept>
    <code value="moh025"/>
    <display value="Ampara MOH"/>
  </concept>
  <concept>
    <code value="moh026"/>
    <display value="Damana MOH"/>
  </concept>
  <concept>
    <code value="moh027"/>
    <display value="Dehiattakandiya MOH"/>
  </concept>
  <concept>
    <code value="moh028"/>
    <display value="Lahugala MOH"/>
  </concept>
  <concept>
    <code value="moh029"/>
    <display value="Maha Oya MOH"/>
  </concept>
  <concept>
    <code value="moh030"/>
    <display value="Padiyatalawa MOH"/>
  </concept>
  <concept>
    <code value="moh031"/>
    <display value="Uhana MOH"/>
  </concept>
  <concept>
    <code value="moh032"/>
    <display value="Arayampathy MOH"/>
  </concept>
  <concept>
    <code value="moh033"/>
    <display value="Batticoloa MOH"/>
  </concept>
  <concept>
    <code value="moh034"/>
    <display value="Chenkalady MOH"/>
  </concept>
  <concept>
    <code value="moh035"/>
    <display value="Eravur MOH"/>
  </concept>
  <concept>
    <code value="moh036"/>
    <display value="Kalawanchikudy MOH"/>
  </concept>
  <concept>
    <code value="moh037"/>
    <display value="Katankudy MOH"/>
  </concept>
  <concept>
    <code value="moh038"/>
    <display value="Kiran MOH"/>
  </concept>
  <concept>
    <code value="moh039"/>
    <display value="Koralaipattu Central MOH"/>
  </concept>
  <concept>
    <code value="moh040"/>
    <display value="Oddamavadi MOH"/>
  </concept>
  <concept>
    <code value="moh041"/>
    <display value="Paddipallai MOH"/>
  </concept>
  <concept>
    <code value="moh042"/>
    <display value="Vakarai MOH"/>
  </concept>
  <concept>
    <code value="moh043"/>
    <display value="Valaichcheni MOH"/>
  </concept>
  <concept>
    <code value="moh044"/>
    <display value="Vavunativu MOH"/>
  </concept>
  <concept>
    <code value="moh045"/>
    <display value="Vellavelly MOH"/>
  </concept>
  <concept>
    <code value="moh046"/>
    <display value="Badulla MOH"/>
  </concept>
  <concept>
    <code value="moh047"/>
    <display value="Bandarawela MOH"/>
  </concept>
  <concept>
    <code value="moh048"/>
    <display value="Ella MOH"/>
  </concept>
  <concept>
    <code value="moh049"/>
    <display value="Girandurukotte MOH"/>
  </concept>
  <concept>
    <code value="moh050"/>
    <display value="Haldummulla MOH"/>
  </concept>
  <concept>
    <code value="moh051"/>
    <display value="Hali-Ela MOH"/>
  </concept>
  <concept>
    <code value="moh052"/>
    <display value="Haputale MOH"/>
  </concept>
  <concept>
    <code value="moh053"/>
    <display value="Kandaketiya MOH"/>
  </concept>
  <concept>
    <code value="moh054"/>
    <display value="Lunugala MOH"/>
  </concept>
  <concept>
    <code value="moh055"/>
    <display value="Mahiyanganaya MOH"/>
  </concept>
  <concept>
    <code value="moh056"/>
    <display value="Meegahakivula MOH"/>
  </concept>
  <concept>
    <code value="moh057"/>
    <display value="Passara MOH"/>
  </concept>
  <concept>
    <code value="moh058"/>
    <display value="Rideemaliyadda MOH"/>
  </concept>
  <concept>
    <code value="moh059"/>
    <display value="Soranathota MOH"/>
  </concept>
  <concept>
    <code value="moh060"/>
    <display value="Uva Paranagama MOH"/>
  </concept>
  <concept>
    <code value="moh061"/>
    <display value="Welimada MOH"/>
  </concept>
  <concept>
    <code value="moh062"/>
    <display value="Baththaramulla MOH"/>
  </concept>
  <concept>
    <code value="moh063"/>
    <display value="Boralesgamuwa MOH"/>
  </concept>
  <concept>
    <code value="moh064"/>
    <display value="Colombo MOH"/>
  </concept>
  <concept>
    <code value="moh065"/>
    <display value="Dehiwala MOH"/>
  </concept>
  <concept>
    <code value="moh066"/>
    <display value="Hanwella MOH"/>
  </concept>
  <concept>
    <code value="moh067"/>
    <display value="Homagama MOH"/>
  </concept>
  <concept>
    <code value="moh068"/>
    <display value="Kaduwela MOH"/>
  </concept>
  <concept>
    <code value="moh069"/>
    <display value="Kahathuduwa MOH"/>
  </concept>
  <concept>
    <code value="moh070"/>
    <display value="Kolonnawa MOH"/>
  </concept>
  <concept>
    <code value="moh071"/>
    <display value="Maharagama MOH"/>
  </concept>
  <concept>
    <code value="moh072"/>
    <display value="Moratuwa MOH"/>
  </concept>
  <concept>
    <code value="moh073"/>
    <display value="Nugegoda MOH"/>
  </concept>
  <concept>
    <code value="moh074"/>
    <display value="Padukka MOH"/>
  </concept>
  <concept>
    <code value="moh075"/>
    <display value="Piliyandala (Kesbewa) MOH"/>
  </concept>
  <concept>
    <code value="moh076"/>
    <display value="Pitakotte (Kotte) MOH"/>
  </concept>
  <concept>
    <code value="moh077"/>
    <display value="Rathmalana MOH"/>
  </concept>
  <concept>
    <code value="moh078"/>
    <display value="Akmeemana MOH"/>
  </concept>
  <concept>
    <code value="moh079"/>
    <display value="Ambalangoda MOH"/>
  </concept>
  <concept>
    <code value="moh080"/>
    <display value="Baddegama MOH"/>
  </concept>
  <concept>
    <code value="moh081"/>
    <display value="Balapitiya MOH"/>
  </concept>
  <concept>
    <code value="moh082"/>
    <display value="Bentota (Induruwa) MOH"/>
  </concept>
  <concept>
    <code value="moh083"/>
    <display value="Bope - Poddala MOH"/>
  </concept>
  <concept>
    <code value="moh084"/>
    <display value="Elpitiya MOH"/>
  </concept>
  <concept>
    <code value="moh085"/>
    <display value="Galle MC MOH"/>
  </concept>
  <concept>
    <code value="moh086"/>
    <display value="Gonapinuwala MOH"/>
  </concept>
  <concept>
    <code value="moh087"/>
    <display value="Habaraduwa MOH"/>
  </concept>
  <concept>
    <code value="moh088"/>
    <display value="Hikkaduwa MOH"/>
  </concept>
  <concept>
    <code value="moh089"/>
    <display value="Imaduwa MOH"/>
  </concept>
  <concept>
    <code value="moh090"/>
    <display value="Karandeniya MOH"/>
  </concept>
  <concept>
    <code value="moh091"/>
    <display value="Nagoda (Udugama) MOH"/>
  </concept>
  <concept>
    <code value="moh092"/>
    <display value="Neluwa MOH"/>
  </concept>
  <concept>
    <code value="moh093"/>
    <display value="Niyagama MOH"/>
  </concept>
  <concept>
    <code value="moh094"/>
    <display value="Rathganga MOH"/>
  </concept>
  <concept>
    <code value="moh095"/>
    <display value="Thawalama MOH"/>
  </concept>
  <concept>
    <code value="moh096"/>
    <display value="Walivitiya (Divithura) MOH"/>
  </concept>
  <concept>
    <code value="moh097"/>
    <display value="Yakkalamulla MOH"/>
  </concept>
  <concept>
    <code value="moh098"/>
    <display value="Attanagalla MOH"/>
  </concept>
  <concept>
    <code value="moh099"/>
    <display value="Biyagama MOH"/>
  </concept>
  <concept>
    <code value="moh100"/>
    <display value="Divulapitiya MOH"/>
  </concept>
  <concept>
    <code value="moh101"/>
    <display value="Gampaha MOH"/>
  </concept>
  <concept>
    <code value="moh102"/>
    <display value="Ja-Ela MOH"/>
  </concept>
  <concept>
    <code value="moh103"/>
    <display value="Katana MOH"/>
  </concept>
  <concept>
    <code value="moh104"/>
    <display value="Katunayake (BOI) MOH"/>
  </concept>
  <concept>
    <code value="moh105"/>
    <display value="Kelaniya MOH"/>
  </concept>
  <concept>
    <code value="moh106"/>
    <display value="Mahara MOH"/>
  </concept>
  <concept>
    <code value="moh107"/>
    <display value="Minuwangoda MOH"/>
  </concept>
  <concept>
    <code value="moh108"/>
    <display value="Mirigama MOH"/>
  </concept>
  <concept>
    <code value="moh109"/>
    <display value="Negombo MOH"/>
  </concept>
  <concept>
    <code value="moh110"/>
    <display value="Pugoda (Dompe) MOH"/>
  </concept>
  <concept>
    <code value="moh111"/>
    <display value="Ragama MOH"/>
  </concept>
  <concept>
    <code value="moh112"/>
    <display value="Seeduwa MOH"/>
  </concept>
  <concept>
    <code value="moh113"/>
    <display value="Wattala MOH"/>
  </concept>
  <concept>
    <code value="moh114"/>
    <display value="Ambalanthota MOH"/>
  </concept>
  <concept>
    <code value="moh115"/>
    <display value="Angunakolapelessa MOH"/>
  </concept>
  <concept>
    <code value="moh116"/>
    <display value="Beliatta MOH"/>
  </concept>
  <concept>
    <code value="moh117"/>
    <display value="Hambantota MOH"/>
  </concept>
  <concept>
    <code value="moh118"/>
    <display value="Katuwana MOH"/>
  </concept>
  <concept>
    <code value="moh119"/>
    <display value="Lunugamvehera MOH"/>
  </concept>
  <concept>
    <code value="moh120"/>
    <display value="Okewela MOH"/>
  </concept>
  <concept>
    <code value="moh121"/>
    <display value="Sooriyawewa MOH"/>
  </concept>
  <concept>
    <code value="moh122"/>
    <display value="Tangalle MOH"/>
  </concept>
  <concept>
    <code value="moh123"/>
    <display value="Thissamaharama MOH"/>
  </concept>
  <concept>
    <code value="moh124"/>
    <display value="Walasmulla MOH"/>
  </concept>
  <concept>
    <code value="moh125"/>
    <display value="Weeraketiya MOH"/>
  </concept>
  <concept>
    <code value="moh126"/>
    <display value="Ampan (Point Pedro) MOH"/>
  </concept>
  <concept>
    <code value="moh127"/>
    <display value="Chankanai - Walikamam West MOH"/>
  </concept>
  <concept>
    <code value="moh128"/>
    <display value="Chavakachchari MOH"/>
  </concept>
  <concept>
    <code value="moh129"/>
    <display value="Jaffna MOH"/>
  </concept>
  <concept>
    <code value="moh130"/>
    <display value="Karaveddy MOH"/>
  </concept>
  <concept>
    <code value="moh131"/>
    <display value="Kayts MOH"/>
  </concept>
  <concept>
    <code value="moh132"/>
    <display value="Kopay MOH"/>
  </concept>
  <concept>
    <code value="moh133"/>
    <display value="Nallur MOH"/>
  </concept>
  <concept>
    <code value="moh134"/>
    <display value="Sandilipay MOH"/>
  </concept>
  <concept>
    <code value="moh135"/>
    <display value="Telippalai MOH"/>
  </concept>
  <concept>
    <code value="moh136"/>
    <display value="Uduvil MOH"/>
  </concept>
  <concept>
    <code value="moh137"/>
    <display value="Velanai (Island South) MOH"/>
  </concept>
  <concept>
    <code value="moh138"/>
    <display value="Aranayaka MOH"/>
  </concept>
  <concept>
    <code value="moh139"/>
    <display value="Bulathkohupitiya MOH"/>
  </concept>
  <concept>
    <code value="moh140"/>
    <display value="Dehiovita MOH"/>
  </concept>
  <concept>
    <code value="moh141"/>
    <display value="Deraniyagala MOH"/>
  </concept>
  <concept>
    <code value="moh142"/>
    <display value="Galigamuwa MOH"/>
  </concept>
  <concept>
    <code value="moh143"/>
    <display value="Kegalle MOH"/>
  </concept>
  <concept>
    <code value="moh144"/>
    <display value="Mawanella MOH"/>
  </concept>
  <concept>
    <code value="moh145"/>
    <display value="Rambukkana MOH"/>
  </concept>
  <concept>
    <code value="moh146"/>
    <display value="Ruwanwella MOH"/>
  </concept>
  <concept>
    <code value="moh147"/>
    <display value="Warakapola MOH"/>
  </concept>
  <concept>
    <code value="moh148"/>
    <display value="Yatiyanthota MOH"/>
  </concept>
  <concept>
    <code value="moh149"/>
    <display value="Alawwa MOH"/>
  </concept>
  <concept>
    <code value="moh150"/>
    <display value="Ambanpola MOH"/>
  </concept>
  <concept>
    <code value="moh151"/>
    <display value="Bamunukotuwa MOH"/>
  </concept>
  <concept>
    <code value="moh152"/>
    <display value="Bingiriya MOH"/>
  </concept>
  <concept>
    <code value="moh153"/>
    <display value="Galgamuwa MOH"/>
  </concept>
  <concept>
    <code value="moh154"/>
    <display value="Ganewatta MOH"/>
  </concept>
  <concept>
    <code value="moh155"/>
    <display value="Giribawa MOH"/>
  </concept>
  <concept>
    <code value="moh156"/>
    <display value="Ibbagamuwa (Gokarella) MOH"/>
  </concept>
  <concept>
    <code value="moh157"/>
    <display value="Kobeigane MOH"/>
  </concept>
  <concept>
    <code value="moh158"/>
    <display value="Kotawehera MOH"/>
  </concept>
  <concept>
    <code value="moh159"/>
    <display value="Kuliyapitiya East MOH"/>
  </concept>
  <concept>
    <code value="moh160"/>
    <display value="Kuliyapitiya West MOH"/>
  </concept>
  <concept>
    <code value="moh161"/>
    <display value="Kurunegala MOH"/>
  </concept>
  <concept>
    <code value="moh162"/>
    <display value="Kurunegala MC MOH"/>
  </concept>
  <concept>
    <code value="moh163"/>
    <display value="Maho MOH"/>
  </concept>
  <concept>
    <code value="moh164"/>
    <display value="Mallawapitiya MOH"/>
  </concept>
  <concept>
    <code value="moh165"/>
    <display value="Maspotha MOH"/>
  </concept>
  <concept>
    <code value="moh166"/>
    <display value="Mawathagama MOH"/>
  </concept>
  <concept>
    <code value="moh167"/>
    <display value="Narammala MOH"/>
  </concept>
  <concept>
    <code value="moh168"/>
    <display value="Nikaweratiya MOH"/>
  </concept>
  <concept>
    <code value="moh169"/>
    <display value="Paduwasnuwara West MOH"/>
  </concept>
  <concept>
    <code value="moh170"/>
    <display value="Panduwasnuwara East MOH"/>
  </concept>
  <concept>
    <code value="moh171"/>
    <display value="Pannala MOH"/>
  </concept>
  <concept>
    <code value="moh172"/>
    <display value="Polgahawela MOH"/>
  </concept>
  <concept>
    <code value="moh173"/>
    <display value="Polpithigama MOH"/>
  </concept>
  <concept>
    <code value="moh174"/>
    <display value="Rasnayakapura MOH"/>
  </concept>
  <concept>
    <code value="moh175"/>
    <display value="Rideegama MOH"/>
  </concept>
  <concept>
    <code value="moh176"/>
    <display value="Udubaddawa MOH"/>
  </concept>
  <concept>
    <code value="moh177"/>
    <display value="Wariyapola MOH"/>
  </concept>
  <concept>
    <code value="moh178"/>
    <display value="Weerabugedara MOH"/>
  </concept>
  <concept>
    <code value="moh179"/>
    <display value="Addalachchenai MOH"/>
  </concept>
  <concept>
    <code value="moh180"/>
    <display value="Akkaraipathu MOH"/>
  </concept>
  <concept>
    <code value="moh181"/>
    <display value="Alayadivembu MOH"/>
  </concept>
  <concept>
    <code value="moh182"/>
    <display value="Irakkamam MOH"/>
  </concept>
  <concept>
    <code value="moh183"/>
    <display value="Kalmunai North MOH"/>
  </concept>
  <concept>
    <code value="moh184"/>
    <display value="Kalmunai South MOH"/>
  </concept>
  <concept>
    <code value="moh185"/>
    <display value="Karaitivu MOH"/>
  </concept>
  <concept>
    <code value="moh186"/>
    <display value="Navithanveli MOH"/>
  </concept>
  <concept>
    <code value="moh187"/>
    <display value="Ninthavur MOH"/>
  </concept>
  <concept>
    <code value="moh188"/>
    <display value="Pottuvil MOH"/>
  </concept>
  <concept>
    <code value="moh189"/>
    <display value="Sainthamaruthu MOH"/>
  </concept>
  <concept>
    <code value="moh190"/>
    <display value="Sammanthurai MOH"/>
  </concept>
  <concept>
    <code value="moh191"/>
    <display value="Thirukkovil MOH"/>
  </concept>
  <concept>
    <code value="moh192"/>
    <display value="Kandawalai MOH"/>
  </concept>
  <concept>
    <code value="moh193"/>
    <display value="Karachchi (Kilinochchci) MOH"/>
  </concept>
  <concept>
    <code value="moh194"/>
    <display value="Pallai MOH"/>
  </concept>
  <concept>
    <code value="moh195"/>
    <display value="Poonakery MOH"/>
  </concept>
  <concept>
    <code value="moh196"/>
    <display value="Agalawatta MOH"/>
  </concept>
  <concept>
    <code value="moh197"/>
    <display value="Bandaragama MOH"/>
  </concept>
  <concept>
    <code value="moh198"/>
    <display value="Bulathsinhala MOH"/>
  </concept>
  <concept>
    <code value="moh199"/>
    <display value="Dodangoda MOH"/>
  </concept>
  <concept>
    <code value="moh200"/>
    <display value="Horana MOH"/>
  </concept>
  <concept>
    <code value="moh201"/>
    <display value="Ingiriya MOH"/>
  </concept>
  <concept>
    <code value="moh202"/>
    <display value="Madurawala MOH"/>
  </concept>
  <concept>
    <code value="moh203"/>
    <display value="Mathugama MOH"/>
  </concept>
  <concept>
    <code value="moh204"/>
    <display value="Millaniya MOH"/>
  </concept>
  <concept>
    <code value="moh205"/>
    <display value="Palindanuwara MOH"/>
  </concept>
  <concept>
    <code value="moh206"/>
    <display value="Panadura MOH"/>
  </concept>
  <concept>
    <code value="moh207"/>
    <display value="Wadduwa MOH"/>
  </concept>
  <concept>
    <code value="moh208"/>
    <display value="Walallawita MOH"/>
  </concept>
  <concept>
    <code value="moh209"/>
    <display value="Akurana MOH"/>
  </concept>
  <concept>
    <code value="moh210"/>
    <display value="Bambaradeniya MOH"/>
  </concept>
  <concept>
    <code value="moh211"/>
    <display value="Doluwa MOH"/>
  </concept>
  <concept>
    <code value="moh212"/>
    <display value="Galagedara MOH"/>
  </concept>
  <concept>
    <code value="moh213"/>
    <display value="Galaha MOH"/>
  </concept>
  <concept>
    <code value="moh214"/>
    <display value="Gampola (Udapalatha) MOH"/>
  </concept>
  <concept>
    <code value="moh215"/>
    <display value="Gangawata Korale MOH"/>
  </concept>
  <concept>
    <code value="moh216"/>
    <display value="Hasalaka MOH"/>
  </concept>
  <concept>
    <code value="moh217"/>
    <display value="Hatharaliyadda MOH"/>
  </concept>
  <concept>
    <code value="moh218"/>
    <display value="Kandy MC MOH"/>
  </concept>
  <concept>
    <code value="moh219"/>
    <display value="Kundasale MOH"/>
  </concept>
  <concept>
    <code value="moh220"/>
    <display value="Kurunduwaththa (Gangaihala) MOH"/>
  </concept>
  <concept>
    <code value="moh221"/>
    <display value="Medadumbara (Medamahanuwara) MOH"/>
  </concept>
  <concept>
    <code value="moh222"/>
    <display value="Menikhinna MOH"/>
  </concept>
  <concept>
    <code value="moh223"/>
    <display value="Panvila MOH"/>
  </concept>
  <concept>
    <code value="moh224"/>
    <display value="Pasbage (Nawalapitiya) MOH"/>
  </concept>
  <concept>
    <code value="moh225"/>
    <display value="Poojapitiya MOH"/>
  </concept>
  <concept>
    <code value="moh226"/>
    <display value="Thalathuoya MOH"/>
  </concept>
  <concept>
    <code value="moh227"/>
    <display value="Udadumbara MOH"/>
  </concept>
  <concept>
    <code value="moh228"/>
    <display value="Udunuwara MOH"/>
  </concept>
  <concept>
    <code value="moh229"/>
    <display value="Waththegama (Pathadumbara) MOH"/>
  </concept>
  <concept>
    <code value="moh230"/>
    <display value="Werellagama (Harispattuwa) MOH"/>
  </concept>
  <concept>
    <code value="moh231"/>
    <display value="Yatinuwara (Kadugannawa) MOH"/>
  </concept>
  <concept>
    <code value="moh232"/>
    <display value="Badalkumbura MOH"/>
  </concept>
  <concept>
    <code value="moh233"/>
    <display value="Bibile MOH"/>
  </concept>
  <concept>
    <code value="moh234"/>
    <display value="Buttala MOH"/>
  </concept>
  <concept>
    <code value="moh235"/>
    <display value="Kataragama MOH"/>
  </concept>
  <concept>
    <code value="moh236"/>
    <display value="Madulla MOH"/>
  </concept>
  <concept>
    <code value="moh237"/>
    <display value="Medagama MOH"/>
  </concept>
  <concept>
    <code value="moh238"/>
    <display value="Moneragala MOH"/>
  </concept>
  <concept>
    <code value="moh239"/>
    <display value="Sevanagala MOH"/>
  </concept>
  <concept>
    <code value="moh240"/>
    <display value="Siyambalanduwa MOH"/>
  </concept>
  <concept>
    <code value="moh241"/>
    <display value="Thanamalwila MOH"/>
  </concept>
  <concept>
    <code value="moh242"/>
    <display value="Wellawaya MOH"/>
  </concept>
  <concept>
    <code value="moh243"/>
    <display value="Mallavi MOH"/>
  </concept>
  <concept>
    <code value="moh244"/>
    <display value="Manthai East MOH"/>
  </concept>
  <concept>
    <code value="moh245"/>
    <display value="Mullaitivu MOH"/>
  </concept>
  <concept>
    <code value="moh246"/>
    <display value="Oddusudan MOH"/>
  </concept>
  <concept>
    <code value="moh247"/>
    <display value="Puthukkudyiruppu MOH"/>
  </concept>
  <concept>
    <code value="moh248"/>
    <display value="Welioya MOH"/>
  </concept>
  <concept>
    <code value="moh249"/>
    <display value="Adampan MOH"/>
  </concept>
  <concept>
    <code value="moh250"/>
    <display value="Madhu MOH"/>
  </concept>
  <concept>
    <code value="moh251"/>
    <display value="Mannar MOH"/>
  </concept>
  <concept>
    <code value="moh252"/>
    <display value="Murunkan MOH"/>
  </concept>
  <concept>
    <code value="moh253"/>
    <display value="Musali MOH"/>
  </concept>
  <concept>
    <code value="moh254"/>
    <display value="Akuressa MOH"/>
  </concept>
  <concept>
    <code value="moh255"/>
    <display value="Athuraliya MOH"/>
  </concept>
  <concept>
    <code value="moh256"/>
    <display value="Deniyaya (Kotapola) MOH"/>
  </concept>
  <concept>
    <code value="moh257"/>
    <display value="Devinuwara MOH"/>
  </concept>
  <concept>
    <code value="moh258"/>
    <display value="Dickwella MOH"/>
  </concept>
  <concept>
    <code value="moh259"/>
    <display value="Hakmana MOH"/>
  </concept>
  <concept>
    <code value="moh260"/>
    <display value="Kamburupitiya MOH"/>
  </concept>
  <concept>
    <code value="moh261"/>
    <display value="Kirinda-Puhulwella MOH"/>
  </concept>
  <concept>
    <code value="moh262"/>
    <display value="Malimbada MOH"/>
  </concept>
  <concept>
    <code value="moh263"/>
    <display value="Matara MC MOH"/>
  </concept>
  <concept>
    <code value="moh264"/>
    <display value="Matara PS Kekanadura MOH"/>
  </concept>
  <concept>
    <code value="moh265"/>
    <display value="Morawaka MOH"/>
  </concept>
  <concept>
    <code value="moh266"/>
    <display value="Mulatiyana MOH"/>
  </concept>
  <concept>
    <code value="moh267"/>
    <display value="Pasgoda (Urubokka) MOH"/>
  </concept>
  <concept>
    <code value="moh268"/>
    <display value="Thihagoda MOH"/>
  </concept>
  <concept>
    <code value="moh269"/>
    <display value="Weligama MOH"/>
  </concept>
  <concept>
    <code value="moh270"/>
    <display value="Welipitiya MOH"/>
  </concept>
  <concept>
    <code value="moh271"/>
    <display value="Ambanganga Korale MOH"/>
  </concept>
  <concept>
    <code value="moh272"/>
    <display value="Dambulla MOH"/>
  </concept>
  <concept>
    <code value="moh273"/>
    <display value="Dambulla MC MOH"/>
  </concept>
  <concept>
    <code value="moh274"/>
    <display value="Galewela MOH"/>
  </concept>
  <concept>
    <code value="moh275"/>
    <display value="Laggala-Pallegama MOH"/>
  </concept>
  <concept>
    <code value="moh276"/>
    <display value="Matale MOH"/>
  </concept>
  <concept>
    <code value="moh277"/>
    <display value="Matale MC MOH"/>
  </concept>
  <concept>
    <code value="moh278"/>
    <display value="Naula MOH"/>
  </concept>
  <concept>
    <code value="moh279"/>
    <display value="Pallepola MOH"/>
  </concept>
  <concept>
    <code value="moh280"/>
    <display value="Rattota MOH"/>
  </concept>
  <concept>
    <code value="moh281"/>
    <display value="Ukuwela MOH"/>
  </concept>
  <concept>
    <code value="moh282"/>
    <display value="Wilgamuwa MOH"/>
  </concept>
  <concept>
    <code value="moh283"/>
    <display value="Yatawatta MOH"/>
  </concept>
  <concept>
    <code value="moh284"/>
    <display value="Ambagamuwa (Ginigathhena) MOH"/>
  </concept>
  <concept>
    <code value="moh285"/>
    <display value="Bogawanthalawa MOH"/>
  </concept>
  <concept>
    <code value="moh286"/>
    <display value="Kotagala MOH"/>
  </concept>
  <concept>
    <code value="moh287"/>
    <display value="Kothmale MOH"/>
  </concept>
  <concept>
    <code value="moh288"/>
    <display value="Lidula (Thalawakale) MOH"/>
  </concept>
  <concept>
    <code value="moh289"/>
    <display value="Maskeliya MOH"/>
  </concept>
  <concept>
    <code value="moh290"/>
    <display value="Maturata MOH"/>
  </concept>
  <concept>
    <code value="moh291"/>
    <display value="Nawathispane MOH"/>
  </concept>
  <concept>
    <code value="moh292"/>
    <display value="Nuwara Eliya MOH"/>
  </concept>
  <concept>
    <code value="moh293"/>
    <display value="Nuwara Eliya MC MOH"/>
  </concept>
  <concept>
    <code value="moh294"/>
    <display value="Ragala MOH"/>
  </concept>
  <concept>
    <code value="moh295"/>
    <display value="Rikillagaskada (Hanguranketha) MOH"/>
  </concept>
  <concept>
    <code value="moh296"/>
    <display value="Walapane MOH"/>
  </concept>
  <concept>
    <code value="moh297"/>
    <display value="Bakamuna (Elahera) MOH"/>
  </concept>
  <concept>
    <code value="moh298"/>
    <display value="Dimbulagala MOH"/>
  </concept>
  <concept>
    <code value="moh299"/>
    <display value="Hingurakgoda MOH"/>
  </concept>
  <concept>
    <code value="moh300"/>
    <display value="Lankapura MOH"/>
  </concept>
  <concept>
    <code value="moh301"/>
    <display value="Medirigiriya MOH"/>
  </concept>
  <concept>
    <code value="moh302"/>
    <display value="Siripura MOH"/>
  </concept>
  <concept>
    <code value="moh303"/>
    <display value="Thamankaduwa MOH"/>
  </concept>
  <concept>
    <code value="moh304"/>
    <display value="Welikanda MOH"/>
  </concept>
  <concept>
    <code value="moh305"/>
    <display value="Anamaduwa MOH"/>
  </concept>
  <concept>
    <code value="moh306"/>
    <display value="Arachchikattuwa MOH"/>
  </concept>
  <concept>
    <code value="moh307"/>
    <display value="Chilaw MOH"/>
  </concept>
  <concept>
    <code value="moh308"/>
    <display value="Dankotuwa MOH"/>
  </concept>
  <concept>
    <code value="moh309"/>
    <display value="Kalpitiya MOH"/>
  </concept>
  <concept>
    <code value="moh310"/>
    <display value="Karuwalagaswewa MOH"/>
  </concept>
  <concept>
    <code value="moh311"/>
    <display value="Madampe MOH"/>
  </concept>
  <concept>
    <code value="moh312"/>
    <display value="Mahawewa MOH"/>
  </concept>
  <concept>
    <code value="moh313"/>
    <display value="Mundalama MOH"/>
  </concept>
  <concept>
    <code value="moh314"/>
    <display value="Nattandiya MOH"/>
  </concept>
  <concept>
    <code value="moh315"/>
    <display value="Nawagarththegama MOH"/>
  </concept>
  <concept>
    <code value="moh316"/>
    <display value="Pallama MOH"/>
  </concept>
  <concept>
    <code value="moh317"/>
    <display value="Puttalam MOH"/>
  </concept>
  <concept>
    <code value="moh318"/>
    <display value="Wanathawilluwa MOH"/>
  </concept>
  <concept>
    <code value="moh319"/>
    <display value="Wennappuwa MOH"/>
  </concept>
  <concept>
    <code value="moh320"/>
    <display value="Ayagama MOH"/>
  </concept>
  <concept>
    <code value="moh321"/>
    <display value="Balangoda MOH"/>
  </concept>
  <concept>
    <code value="moh322"/>
    <display value="Eheliyagoda MOH"/>
  </concept>
  <concept>
    <code value="moh323"/>
    <display value="Elapatha MOH"/>
  </concept>
  <concept>
    <code value="moh324"/>
    <display value="Embilipitiya MOH"/>
  </concept>
  <concept>
    <code value="moh325"/>
    <display value="Godakawela MOH"/>
  </concept>
  <concept>
    <code value="moh326"/>
    <display value="Imbulpe MOH"/>
  </concept>
  <concept>
    <code value="moh327"/>
    <display value="Kahawatta MOH"/>
  </concept>
  <concept>
    <code value="moh328"/>
    <display value="Kalawana MOH"/>
  </concept>
  <concept>
    <code value="moh329"/>
    <display value="Kiriella MOH"/>
  </concept>
  <concept>
    <code value="moh330"/>
    <display value="Kolonna MOH"/>
  </concept>
  <concept>
    <code value="moh331"/>
    <display value="Kuruvita MOH"/>
  </concept>
  <concept>
    <code value="moh332"/>
    <display value="Nivithigala MOH"/>
  </concept>
  <concept>
    <code value="moh333"/>
    <display value="Openayaka MOH"/>
  </concept>
  <concept>
    <code value="moh334"/>
    <display value="Pelmadulla MOH"/>
  </concept>
  <concept>
    <code value="moh335"/>
    <display value="Rathnapura MC MOH"/>
  </concept>
  <concept>
    <code value="moh336"/>
    <display value="Ratnapura MOH"/>
  </concept>
  <concept>
    <code value="moh337"/>
    <display value="Weligepola MOH"/>
  </concept>
  <concept>
    <code value="moh338"/>
    <display value="Gomarankadavala MOH"/>
  </concept>
  <concept>
    <code value="moh339"/>
    <display value="Ichchilampathai MOH"/>
  </concept>
  <concept>
    <code value="moh340"/>
    <display value="Kantalai MOH"/>
  </concept>
  <concept>
    <code value="moh341"/>
    <display value="Kinniya MOH"/>
  </concept>
  <concept>
    <code value="moh342"/>
    <display value="Kuchchavelly MOH"/>
  </concept>
  <concept>
    <code value="moh343"/>
    <display value="Muthur MOH"/>
  </concept>
  <concept>
    <code value="moh344"/>
    <display value="Padavisripura MOH"/>
  </concept>
  <concept>
    <code value="moh345"/>
    <display value="Seruwila MOH"/>
  </concept>
  <concept>
    <code value="moh346"/>
    <display value="Thampalakamam MOH"/>
  </concept>
  <concept>
    <code value="moh347"/>
    <display value="Trincomalee MOH"/>
  </concept>
  <concept>
    <code value="moh348"/>
    <display value="Uppuveli MOH"/>
  </concept>
  <concept>
    <code value="moh349"/>
    <display value="Cheddikulam MOH"/>
  </concept>
  <concept>
    <code value="moh350"/>
    <display value="Vavuniya MOH"/>
  </concept>
  <concept>
    <code value="moh351"/>
    <display value="Vavuniya North MOH"/>
  </concept>
  <concept>
    <code value="moh352"/>
    <display value="Vavuniya South MOH"/>
  </concept>
</CodeSystem>