<?xml version="1.0" encoding="UTF-8"?>

<CodeSystem xmlns="http://hl7.org/fhir">
  <id value="lk-core-qualifications-cs"/>
  <text>
    <status value="generated"/><div xmlns="http://www.w3.org/1999/xhtml">Placeholder</div>
  </text>
  <url value="http://fhir.health.gov.lk/CodeSystem/lk-core-qualifications-cs"/>
  <version value="0.1.0"/>
  <name value="LKCoreQualificationsCS"/>
  <title value="LK Core Qualifications Code System"/>
  <status value="draft"/>
  <date value="2023-09-05T15:30:49+05:30"/>
  <description value="Codesystem for Academic Qualifications"/>
  <content value="complete"/>
  <count value="12"/>
  <concept>
    <code value="1"/>
    <display value="Certificate (GCE O/L or equivalent)"/>
  </concept>
  <concept>
    <code value="2"/>
    <display value="Advanced Certificate (GCE A/L or equivalent)"/>
  </concept>
  <concept>
    <code value="3"/>
    <display value="Diploma"/>
  </concept>
  <concept>
    <code value="4"/>
    <display value="Higher Diploma"/>
  </concept>
  <concept>
    <code value="5"/>
    <display value="Bachelors"/>
  </concept>
  <concept>
    <code value="6"/>
    <display value="Bachelors Honours"/>
  </concept>
  <concept>
    <code value="7"/>
    <display value="Postgraduate Certificate Certificate"/>
  </concept>
  <concept>
    <code value="8"/>
    <display value="Postgraduate Diploma"/>
  </concept>
  <concept>
    <code value="9"/>
    <display value="Masters by course work work"/>
  </concept>
  <concept>
    <code value="10"/>
    <display value="Masters with course work and a research component"/>
  </concept>
  <concept>
    <code value="11"/>
    <display value="Master of Philosophy"/>
  </concept>
  <concept>
    <code value="12"/>
    <display value="Doctor of Philosophy / MD with Board Certification/Doctor of Letters/Doctor of Science"/>
  </concept>
</CodeSystem>