<?xml version="1.0" encoding="UTF-8"?><CodeSystem xmlns="http://hl7.org/fhir"><id value="lk-core-ownership-cs"/><text><status value="generated"/><div xmlns="http://www.w3.org/1999/xhtml"><p>This code system <code>http://fhir.health.gov.lk/CodeSystem/lk-core-ownership-cs</code> defines the following codes:</p><table class="codes"><tr><td style="white-space:nowrap"><b>Code</b></td><td><b>Display</b></td></tr><tr><td style="white-space:nowrap">L<a name="lk-core-ownership-cs-L"> </a></td><td>Line Ministry</td></tr><tr><td style="white-space:nowrap">P<a name="lk-core-ownership-cs-P"> </a></td><td>Provincial Ministry</td></tr></table></div></text><url value="http://fhir.health.gov.lk/CodeSystem/lk-core-ownership-cs"/><version value="0.1.0"/><name value="LKCoreOwnershipCS"/><title value="LK Core Ownership"/><status value="draft"/><date value="2023-07-19T00:18:27+05:30"/><description value="Codesystem for Organisation Ownership"/><content value="complete"/><count value="2"/><concept><code value="L"/><display value="Line Ministry"/></concept><concept><code value="P"/><display value="Provincial Ministry"/></concept></CodeSystem>