<?xml version="1.0" encoding="UTF-8"?><CodeSystem xmlns="http://hl7.org/fhir"><id value="lk-core-institution-type-cs"/><text><status value="generated"/><div xmlns="http://www.w3.org/1999/xhtml"><p>This  code system <code>http://fhir.health.gov.lk/CodeSystem/lk-core-institution-type-cs</code> defines the following codes:</p><table class="codes"><tr><td style="white-space:nowrap"><b>Code</b></td><td><b>Display</b></td></tr><tr><td style="white-space:nowrap">IT01<a name="lk-core-institution-type-cs-IT01"> </a></td><td>Teaching</td></tr><tr><td style="white-space:nowrap">IT02<a name="lk-core-institution-type-cs-IT02"> </a></td><td>NTS</td></tr><tr><td style="white-space:nowrap">IT03<a name="lk-core-institution-type-cs-IT03"> </a></td><td>District General</td></tr><tr><td style="white-space:nowrap">IT04<a name="lk-core-institution-type-cs-IT04"> </a></td><td>Provincial General</td></tr><tr><td style="white-space:nowrap">IT05<a name="lk-core-institution-type-cs-IT05"> </a></td><td>Medical Supplies</td></tr><tr><td style="white-space:nowrap">IT06<a name="lk-core-institution-type-cs-IT06"> </a></td><td>Base A</td></tr><tr><td style="white-space:nowrap">IT07<a name="lk-core-institution-type-cs-IT07"> </a></td><td>Base B</td></tr><tr><td style="white-space:nowrap">IT08<a name="lk-core-institution-type-cs-IT08"> </a></td><td>Nephrology</td></tr><tr><td style="white-space:nowrap">IT09<a name="lk-core-institution-type-cs-IT09"> </a></td><td>Prison</td></tr><tr><td style="white-space:nowrap">IT10<a name="lk-core-institution-type-cs-IT10"> </a></td><td>Engineering</td></tr><tr><td style="white-space:nowrap">IT11<a name="lk-core-institution-type-cs-IT11"> </a></td><td>Food and Nutrition</td></tr><tr><td style="white-space:nowrap">IT12<a name="lk-core-institution-type-cs-IT12"> </a></td><td>Head Office</td></tr><tr><td style="white-space:nowrap">IT13<a name="lk-core-institution-type-cs-IT13"> </a></td><td>Mental</td></tr><tr><td style="white-space:nowrap">IT14<a name="lk-core-institution-type-cs-IT14"> </a></td><td>Other</td></tr><tr><td style="white-space:nowrap">IT15<a name="lk-core-institution-type-cs-IT15"> </a></td><td>Port</td></tr><tr><td style="white-space:nowrap">IT16<a name="lk-core-institution-type-cs-IT16"> </a></td><td>Dental</td></tr><tr><td style="white-space:nowrap">IT17<a name="lk-core-institution-type-cs-IT17"> </a></td><td>Anti Filariasis</td></tr><tr><td style="white-space:nowrap">IT18<a name="lk-core-institution-type-cs-IT18"> </a></td><td>Anti Leprosy</td></tr><tr><td style="white-space:nowrap">IT19<a name="lk-core-institution-type-cs-IT19"> </a></td><td>Anti Malaria</td></tr><tr><td style="white-space:nowrap">IT20<a name="lk-core-institution-type-cs-IT20"> </a></td><td>Cancer Control</td></tr><tr><td style="white-space:nowrap">IT21<a name="lk-core-institution-type-cs-IT21"> </a></td><td>Dengue Control</td></tr><tr><td style="white-space:nowrap">IT22<a name="lk-core-institution-type-cs-IT22"> </a></td><td>Epidemiology</td></tr><tr><td style="white-space:nowrap">IT23<a name="lk-core-institution-type-cs-IT23"> </a></td><td>Family Health</td></tr><tr><td style="white-space:nowrap">IT24<a name="lk-core-institution-type-cs-IT24"> </a></td><td>NPTCCD</td></tr><tr><td style="white-space:nowrap">IT25<a name="lk-core-institution-type-cs-IT25"> </a></td><td>STD/AIDS Control</td></tr><tr><td style="white-space:nowrap">IT26<a name="lk-core-institution-type-cs-IT26"> </a></td><td>Training</td></tr><tr><td style="white-space:nowrap">IT27<a name="lk-core-institution-type-cs-IT27"> </a></td><td>Divisional A</td></tr><tr><td style="white-space:nowrap">IT28<a name="lk-core-institution-type-cs-IT28"> </a></td><td>Divisional B</td></tr><tr><td style="white-space:nowrap">IT29<a name="lk-core-institution-type-cs-IT29"> </a></td><td>PMCU</td></tr><tr><td style="white-space:nowrap">IT30<a name="lk-core-institution-type-cs-IT30"> </a></td><td>Divisional C</td></tr><tr><td style="white-space:nowrap">IT31<a name="lk-core-institution-type-cs-IT31"> </a></td><td>MOH</td></tr><tr><td style="white-space:nowrap">IT32<a name="lk-core-institution-type-cs-IT32"> </a></td><td>Laboratory</td></tr><tr><td style="white-space:nowrap">IT33<a name="lk-core-institution-type-cs-IT33"> </a></td><td>MLTT</td></tr><tr><td style="white-space:nowrap">IT34<a name="lk-core-institution-type-cs-IT34"> </a></td><td>NIHS</td></tr><tr><td style="white-space:nowrap">IT35<a name="lk-core-institution-type-cs-IT35"> </a></td><td>Faculty of Medicine</td></tr><tr><td style="white-space:nowrap">IT36<a name="lk-core-institution-type-cs-IT36"> </a></td><td>Other</td></tr><tr><td style="white-space:nowrap">IT37<a name="lk-core-institution-type-cs-IT37"> </a></td><td>PDHS</td></tr><tr><td style="white-space:nowrap">IT38<a name="lk-core-institution-type-cs-IT38"> </a></td><td>Provincial Ministry</td></tr><tr><td style="white-space:nowrap">IT39<a name="lk-core-institution-type-cs-IT39"> </a></td><td>RDHS</td></tr><tr><td style="white-space:nowrap">IT40<a name="lk-core-institution-type-cs-IT40"> </a></td><td>ADC</td></tr><tr><td style="white-space:nowrap">IT41<a name="lk-core-institution-type-cs-IT41"> </a></td><td>Leprosy</td></tr><tr><td style="white-space:nowrap">IT42<a name="lk-core-institution-type-cs-IT42"> </a></td><td>CDC</td></tr><tr><td style="white-space:nowrap">IT43<a name="lk-core-institution-type-cs-IT43"> </a></td><td>RTC</td></tr><tr><td style="white-space:nowrap">IT44<a name="lk-core-institution-type-cs-IT44"> </a></td><td>Rehabilitation</td></tr></table></div></text><url value="http://fhir.health.gov.lk/CodeSystem/lk-core-institution-type-cs"/><version value="0.1.0"/><name value="LKCoreInstitutionTypeCS"/><title value="LK Core Institution Type Code System"/><status value="draft"/><date value="2023-09-05T15:30:49+05:30"/><description value="LK Core Institution Type Code System"/><content value="complete"/><count value="44"/><concept><code value="IT01"/><display value="Teaching"/></concept><concept><code value="IT02"/><display value="NTS"/></concept><concept><code value="IT03"/><display value="District General"/></concept><concept><code value="IT04"/><display value="Provincial General"/></concept><concept><code value="IT05"/><display value="Medical Supplies"/></concept><concept><code value="IT06"/><display value="Base A"/></concept><concept><code value="IT07"/><display value="Base B"/></concept><concept><code value="IT08"/><display value="Nephrology"/></concept><concept><code value="IT09"/><display value="Prison"/></concept><concept><code value="IT10"/><display value="Engineering"/></concept><concept><code value="IT11"/><display value="Food and Nutrition"/></concept><concept><code value="IT12"/><display value="Head Office"/></concept><concept><code value="IT13"/><display value="Mental"/></concept><concept><code value="IT14"/><display value="Other"/></concept><concept><code value="IT15"/><display value="Port"/></concept><concept><code value="IT16"/><display value="Dental"/></concept><concept><code value="IT17"/><display value="Anti Filariasis"/></concept><concept><code value="IT18"/><display value="Anti Leprosy"/></concept><concept><code value="IT19"/><display value="Anti Malaria"/></concept><concept><code value="IT20"/><display value="Cancer Control"/></concept><concept><code value="IT21"/><display value="Dengue Control"/></concept><concept><code value="IT22"/><display value="Epidemiology"/></concept><concept><code value="IT23"/><display value="Family Health"/></concept><concept><code value="IT24"/><display value="NPTCCD"/></concept><concept><code value="IT25"/><display value="STD/AIDS Control"/></concept><concept><code value="IT26"/><display value="Training"/></concept><concept><code value="IT27"/><display value="Divisional A"/></concept><concept><code value="IT28"/><display value="Divisional B"/></concept><concept><code value="IT29"/><display value="PMCU"/></concept><concept><code value="IT30"/><display value="Divisional C"/></concept><concept><code value="IT31"/><display value="MOH"/></concept><concept><code value="IT32"/><display value="Laboratory"/></concept><concept><code value="IT33"/><display value="MLTT"/></concept><concept><code value="IT34"/><display value="NIHS"/></concept><concept><code value="IT35"/><display value="Faculty of Medicine"/></concept><concept><code value="IT36"/><display value="Other"/></concept><concept><code value="IT37"/><display value="PDHS"/></concept><concept><code value="IT38"/><display value="Provincial Ministry"/></concept><concept><code value="IT39"/><display value="RDHS"/></concept><concept><code value="IT40"/><display value="ADC"/></concept><concept><code value="IT41"/><display value="Leprosy"/></concept><concept><code value="IT42"/><display value="CDC"/></concept><concept><code value="IT43"/><display value="RTC"/></concept><concept><code value="IT44"/><display value="Rehabilitation"/></concept></CodeSystem>