<?xml version="1.0" encoding="UTF-8"?>

<CodeSystem xmlns="http://hl7.org/fhir">
  <id value="lk-core-institution-type-cs"/>
  <text>
    <status value="generated"/><div xmlns="http://www.w3.org/1999/xhtml">Placeholder</div>
  </text>
  <url value="http://fhir.health.gov.lk/CodeSystem/lk-core-institution-type-cs"/>
  <version value="0.1.0"/>
  <name value="LKCoreInstitutionTypeCS"/>
  <title value="LK Core Institution Type Code System"/>
  <status value="draft"/>
  <date value="2023-09-05T15:30:49+05:30"/>
  <description value="LK Core Institution Type Code System"/>
  <content value="complete"/>
  <count value="44"/>
  <concept>
    <code value="IT01"/>
    <display value="Teaching"/>
  </concept>
  <concept>
    <code value="IT02"/>
    <display value="NTS"/>
  </concept>
  <concept>
    <code value="IT03"/>
    <display value="District General"/>
  </concept>
  <concept>
    <code value="IT04"/>
    <display value="Provincial General"/>
  </concept>
  <concept>
    <code value="IT05"/>
    <display value="Medical Supplies"/>
  </concept>
  <concept>
    <code value="IT06"/>
    <display value="Base A"/>
  </concept>
  <concept>
    <code value="IT07"/>
    <display value="Base B"/>
  </concept>
  <concept>
    <code value="IT08"/>
    <display value="Nephrology"/>
  </concept>
  <concept>
    <code value="IT09"/>
    <display value="Prison"/>
  </concept>
  <concept>
    <code value="IT10"/>
    <display value="Engineering"/>
  </concept>
  <concept>
    <code value="IT11"/>
    <display value="Food and Nutrition"/>
  </concept>
  <concept>
    <code value="IT12"/>
    <display value="Head Office"/>
  </concept>
  <concept>
    <code value="IT13"/>
    <display value="Mental"/>
  </concept>
  <concept>
    <code value="IT14"/>
    <display value="Other"/>
  </concept>
  <concept>
    <code value="IT15"/>
    <display value="Port"/>
  </concept>
  <concept>
    <code value="IT16"/>
    <display value="Dental"/>
  </concept>
  <concept>
    <code value="IT17"/>
    <display value="Anti Filariasis"/>
  </concept>
  <concept>
    <code value="IT18"/>
    <display value="Anti Leprosy"/>
  </concept>
  <concept>
    <code value="IT19"/>
    <display value="Anti Malaria"/>
  </concept>
  <concept>
    <code value="IT20"/>
    <display value="Cancer Control"/>
  </concept>
  <concept>
    <code value="IT21"/>
    <display value="Dengue Control"/>
  </concept>
  <concept>
    <code value="IT22"/>
    <display value="Epidemiology"/>
  </concept>
  <concept>
    <code value="IT23"/>
    <display value="Family Health"/>
  </concept>
  <concept>
    <code value="IT24"/>
    <display value="NPTCCD"/>
  </concept>
  <concept>
    <code value="IT25"/>
    <display value="STD/AIDS Control"/>
  </concept>
  <concept>
    <code value="IT26"/>
    <display value="Training"/>
  </concept>
  <concept>
    <code value="IT27"/>
    <display value="Divisional A"/>
  </concept>
  <concept>
    <code value="IT28"/>
    <display value="Divisional B"/>
  </concept>
  <concept>
    <code value="IT29"/>
    <display value="PMCU"/>
  </concept>
  <concept>
    <code value="IT30"/>
    <display value="Divisional C"/>
  </concept>
  <concept>
    <code value="IT31"/>
    <display value="MOH"/>
  </concept>
  <concept>
    <code value="IT32"/>
    <display value="Laboratory"/>
  </concept>
  <concept>
    <code value="IT33"/>
    <display value="MLTT"/>
  </concept>
  <concept>
    <code value="IT34"/>
    <display value="NIHS"/>
  </concept>
  <concept>
    <code value="IT35"/>
    <display value="Faculty of Medicine"/>
  </concept>
  <concept>
    <code value="IT36"/>
    <display value="Other"/>
  </concept>
  <concept>
    <code value="IT37"/>
    <display value="PDHS"/>
  </concept>
  <concept>
    <code value="IT38"/>
    <display value="Provincial Ministry"/>
  </concept>
  <concept>
    <code value="IT39"/>
    <display value="RDHS"/>
  </concept>
  <concept>
    <code value="IT40"/>
    <display value="ADC"/>
  </concept>
  <concept>
    <code value="IT41"/>
    <display value="Leprosy"/>
  </concept>
  <concept>
    <code value="IT42"/>
    <display value="CDC"/>
  </concept>
  <concept>
    <code value="IT43"/>
    <display value="RTC"/>
  </concept>
  <concept>
    <code value="IT44"/>
    <display value="Rehabilitation"/>
  </concept>
</CodeSystem>