{
  "resourceType" : "CodeSystem",
  "id" : "lk-core-province-cs",
  "text" : {
    "status" : "generated",
    "div" : "<div xmlns=\"http://www.w3.org/1999/xhtml\">Placeholder</div>"
  },
  "url" : "http://fhir.health.gov.lk/CodeSystem/lk-core-province-cs",
  "version" : "0.1.0",
  "name" : "LKCoreProvinceCS",
  "title" : "LK Core Province Code System",
  "status" : "draft",
  "date" : "2023-09-05T15:30:49+05:30",
  "description" : "LK Core Province Code System",
  "content" : "complete",
  "count" : 9,
  "concept" : [{
    "code" : "LK-1",
    "display" : "Western Province"
  },
  {
    "code" : "LK-2",
    "display" : "Central Province"
  },
  {
    "code" : "LK-3",
    "display" : "Southern Province"
  },
  {
    "code" : "LK-4",
    "display" : "Nothern Province"
  },
  {
    "code" : "LK-5",
    "display" : "Eastern Province"
  },
  {
    "code" : "LK-6",
    "display" : "North Western Province"
  },
  {
    "code" : "LK-7",
    "display" : "North Central Province"
  },
  {
    "code" : "LK-8",
    "display" : "Uva Province"
  },
  {
    "code" : "LK-9",
    "display" : "Sabaragamuwa Province"
  }]
}