{
  "resourceType" : "CodeSystem",
  "id" : "lk-core-moh-area-cs",
  "text" : {
    "status" : "generated",
    "div" : "<div xmlns=\"http://www.w3.org/1999/xhtml\"><p>This code system <code>http://fhir.health.gov.lk/CodeSystem/lk-core-moh-area-cs</code> defines the following codes:</p><table class=\"codes\"><tr><td style=\"white-space:nowrap\"><b>Code</b></td><td><b>Display</b></td></tr><tr><td style=\"white-space:nowrap\">moh001<a name=\"lk-core-moh-area-cs-moh001\"> </a></td><td>Beruwala MOH</td></tr><tr><td style=\"white-space:nowrap\">moh002<a name=\"lk-core-moh-area-cs-moh002\"> </a></td><td>Kalutara MOH</td></tr><tr><td style=\"white-space:nowrap\">moh003<a name=\"lk-core-moh-area-cs-moh003\"> </a></td><td>Galenbindunuwewa MOH</td></tr><tr><td style=\"white-space:nowrap\">moh004<a name=\"lk-core-moh-area-cs-moh004\"> </a></td><td>Galkiriyagama (Palagala) MOH</td></tr><tr><td style=\"white-space:nowrap\">moh005<a name=\"lk-core-moh-area-cs-moh005\"> </a></td><td>Galnewa MOH</td></tr><tr><td style=\"white-space:nowrap\">moh006<a name=\"lk-core-moh-area-cs-moh006\"> </a></td><td>Horowpothana MOH</td></tr><tr><td style=\"white-space:nowrap\">moh007<a name=\"lk-core-moh-area-cs-moh007\"> </a></td><td>Ipalogama MOH</td></tr><tr><td style=\"white-space:nowrap\">moh008<a name=\"lk-core-moh-area-cs-moh008\"> </a></td><td>Kahatagasdigiliya MOH</td></tr><tr><td style=\"white-space:nowrap\">moh009<a name=\"lk-core-moh-area-cs-moh009\"> </a></td><td>Kebithigollewa MOH</td></tr><tr><td style=\"white-space:nowrap\">moh010<a name=\"lk-core-moh-area-cs-moh010\"> </a></td><td>Kekirawa MOH</td></tr><tr><td style=\"white-space:nowrap\">moh011<a name=\"lk-core-moh-area-cs-moh011\"> </a></td><td>Medawachchiya MOH</td></tr><tr><td style=\"white-space:nowrap\">moh012<a name=\"lk-core-moh-area-cs-moh012\"> </a></td><td>Mihinthale MOH</td></tr><tr><td style=\"white-space:nowrap\">moh013<a name=\"lk-core-moh-area-cs-moh013\"> </a></td><td>Nachchiyadoowa MOH</td></tr><tr><td style=\"white-space:nowrap\">moh014<a name=\"lk-core-moh-area-cs-moh014\"> </a></td><td>Nochchiyagama MOH</td></tr><tr><td style=\"white-space:nowrap\">moh015<a name=\"lk-core-moh-area-cs-moh015\"> </a></td><td>Nuwaragam Palatha Central MOH</td></tr><tr><td style=\"white-space:nowrap\">moh016<a name=\"lk-core-moh-area-cs-moh016\"> </a></td><td>Nuwaragam Palatha East MOH</td></tr><tr><td style=\"white-space:nowrap\">moh017<a name=\"lk-core-moh-area-cs-moh017\"> </a></td><td>Padaviya MOH</td></tr><tr><td style=\"white-space:nowrap\">moh018<a name=\"lk-core-moh-area-cs-moh018\"> </a></td><td>Palugaswewa MOH</td></tr><tr><td style=\"white-space:nowrap\">moh019<a name=\"lk-core-moh-area-cs-moh019\"> </a></td><td>Rajanganaya MOH</td></tr><tr><td style=\"white-space:nowrap\">moh020<a name=\"lk-core-moh-area-cs-moh020\"> </a></td><td>Rambewa MOH</td></tr><tr><td style=\"white-space:nowrap\">moh021<a name=\"lk-core-moh-area-cs-moh021\"> </a></td><td>Thalawa MOH</td></tr><tr><td style=\"white-space:nowrap\">moh022<a name=\"lk-core-moh-area-cs-moh022\"> </a></td><td>Thambuttegama MOH</td></tr><tr><td style=\"white-space:nowrap\">moh023<a name=\"lk-core-moh-area-cs-moh023\"> </a></td><td>Thirappane MOH</td></tr><tr><td style=\"white-space:nowrap\">moh024<a name=\"lk-core-moh-area-cs-moh024\"> </a></td><td>Wilachchiya MOH</td></tr><tr><td style=\"white-space:nowrap\">moh025<a name=\"lk-core-moh-area-cs-moh025\"> </a></td><td>Ampara MOH</td></tr><tr><td style=\"white-space:nowrap\">moh026<a name=\"lk-core-moh-area-cs-moh026\"> </a></td><td>Damana MOH</td></tr><tr><td style=\"white-space:nowrap\">moh027<a name=\"lk-core-moh-area-cs-moh027\"> </a></td><td>Dehiattakandiya MOH</td></tr><tr><td style=\"white-space:nowrap\">moh028<a name=\"lk-core-moh-area-cs-moh028\"> </a></td><td>Lahugala MOH</td></tr><tr><td style=\"white-space:nowrap\">moh029<a name=\"lk-core-moh-area-cs-moh029\"> </a></td><td>Maha Oya MOH</td></tr><tr><td style=\"white-space:nowrap\">moh030<a name=\"lk-core-moh-area-cs-moh030\"> </a></td><td>Padiyatalawa MOH</td></tr><tr><td style=\"white-space:nowrap\">moh031<a name=\"lk-core-moh-area-cs-moh031\"> </a></td><td>Uhana MOH</td></tr><tr><td style=\"white-space:nowrap\">moh032<a name=\"lk-core-moh-area-cs-moh032\"> </a></td><td>Arayampathy MOH</td></tr><tr><td style=\"white-space:nowrap\">moh033<a name=\"lk-core-moh-area-cs-moh033\"> </a></td><td>Batticoloa MOH</td></tr><tr><td style=\"white-space:nowrap\">moh034<a name=\"lk-core-moh-area-cs-moh034\"> </a></td><td>Chenkalady MOH</td></tr><tr><td style=\"white-space:nowrap\">moh035<a name=\"lk-core-moh-area-cs-moh035\"> </a></td><td>Eravur MOH</td></tr><tr><td style=\"white-space:nowrap\">moh036<a name=\"lk-core-moh-area-cs-moh036\"> </a></td><td>Kalawanchikudy MOH</td></tr><tr><td style=\"white-space:nowrap\">moh037<a name=\"lk-core-moh-area-cs-moh037\"> </a></td><td>Katankudy MOH</td></tr><tr><td style=\"white-space:nowrap\">moh038<a name=\"lk-core-moh-area-cs-moh038\"> </a></td><td>Kiran MOH</td></tr><tr><td style=\"white-space:nowrap\">moh039<a name=\"lk-core-moh-area-cs-moh039\"> </a></td><td>Koralaipattu Central MOH</td></tr><tr><td style=\"white-space:nowrap\">moh040<a name=\"lk-core-moh-area-cs-moh040\"> </a></td><td>Oddamavadi MOH</td></tr><tr><td style=\"white-space:nowrap\">moh041<a name=\"lk-core-moh-area-cs-moh041\"> </a></td><td>Paddipallai MOH</td></tr><tr><td style=\"white-space:nowrap\">moh042<a name=\"lk-core-moh-area-cs-moh042\"> </a></td><td>Vakarai MOH</td></tr><tr><td style=\"white-space:nowrap\">moh043<a name=\"lk-core-moh-area-cs-moh043\"> </a></td><td>Valaichcheni MOH</td></tr><tr><td style=\"white-space:nowrap\">moh044<a name=\"lk-core-moh-area-cs-moh044\"> </a></td><td>Vavunativu MOH</td></tr><tr><td style=\"white-space:nowrap\">moh045<a name=\"lk-core-moh-area-cs-moh045\"> </a></td><td>Vellavelly MOH</td></tr><tr><td style=\"white-space:nowrap\">moh046<a name=\"lk-core-moh-area-cs-moh046\"> </a></td><td>Badulla MOH</td></tr><tr><td style=\"white-space:nowrap\">moh047<a name=\"lk-core-moh-area-cs-moh047\"> </a></td><td>Bandarawela MOH</td></tr><tr><td style=\"white-space:nowrap\">moh048<a name=\"lk-core-moh-area-cs-moh048\"> </a></td><td>Ella MOH</td></tr><tr><td style=\"white-space:nowrap\">moh049<a name=\"lk-core-moh-area-cs-moh049\"> </a></td><td>Girandurukotte MOH</td></tr><tr><td style=\"white-space:nowrap\">moh050<a name=\"lk-core-moh-area-cs-moh050\"> </a></td><td>Haldummulla MOH</td></tr><tr><td style=\"white-space:nowrap\">moh051<a name=\"lk-core-moh-area-cs-moh051\"> </a></td><td>Hali-Ela MOH</td></tr><tr><td style=\"white-space:nowrap\">moh052<a name=\"lk-core-moh-area-cs-moh052\"> </a></td><td>Haputale MOH</td></tr><tr><td style=\"white-space:nowrap\">moh053<a name=\"lk-core-moh-area-cs-moh053\"> </a></td><td>Kandaketiya MOH</td></tr><tr><td style=\"white-space:nowrap\">moh054<a name=\"lk-core-moh-area-cs-moh054\"> </a></td><td>Lunugala MOH</td></tr><tr><td style=\"white-space:nowrap\">moh055<a name=\"lk-core-moh-area-cs-moh055\"> </a></td><td>Mahiyanganaya MOH</td></tr><tr><td style=\"white-space:nowrap\">moh056<a name=\"lk-core-moh-area-cs-moh056\"> </a></td><td>Meegahakivula MOH</td></tr><tr><td style=\"white-space:nowrap\">moh057<a name=\"lk-core-moh-area-cs-moh057\"> </a></td><td>Passara MOH</td></tr><tr><td style=\"white-space:nowrap\">moh058<a name=\"lk-core-moh-area-cs-moh058\"> </a></td><td>Rideemaliyadda MOH</td></tr><tr><td style=\"white-space:nowrap\">moh059<a name=\"lk-core-moh-area-cs-moh059\"> </a></td><td>Soranathota MOH</td></tr><tr><td style=\"white-space:nowrap\">moh060<a name=\"lk-core-moh-area-cs-moh060\"> </a></td><td>Uva Paranagama MOH</td></tr><tr><td style=\"white-space:nowrap\">moh061<a name=\"lk-core-moh-area-cs-moh061\"> </a></td><td>Welimada MOH</td></tr><tr><td style=\"white-space:nowrap\">moh062<a name=\"lk-core-moh-area-cs-moh062\"> </a></td><td>Baththaramulla MOH</td></tr><tr><td style=\"white-space:nowrap\">moh063<a name=\"lk-core-moh-area-cs-moh063\"> </a></td><td>Boralesgamuwa MOH</td></tr><tr><td style=\"white-space:nowrap\">moh064<a name=\"lk-core-moh-area-cs-moh064\"> </a></td><td>Colombo MOH</td></tr><tr><td style=\"white-space:nowrap\">moh065<a name=\"lk-core-moh-area-cs-moh065\"> </a></td><td>Dehiwala MOH</td></tr><tr><td style=\"white-space:nowrap\">moh066<a name=\"lk-core-moh-area-cs-moh066\"> </a></td><td>Hanwella MOH</td></tr><tr><td style=\"white-space:nowrap\">moh067<a name=\"lk-core-moh-area-cs-moh067\"> </a></td><td>Homagama MOH</td></tr><tr><td style=\"white-space:nowrap\">moh068<a name=\"lk-core-moh-area-cs-moh068\"> </a></td><td>Kaduwela MOH</td></tr><tr><td style=\"white-space:nowrap\">moh069<a name=\"lk-core-moh-area-cs-moh069\"> </a></td><td>Kahathuduwa MOH</td></tr><tr><td style=\"white-space:nowrap\">moh070<a name=\"lk-core-moh-area-cs-moh070\"> </a></td><td>Kolonnawa MOH</td></tr><tr><td style=\"white-space:nowrap\">moh071<a name=\"lk-core-moh-area-cs-moh071\"> </a></td><td>Maharagama MOH</td></tr><tr><td style=\"white-space:nowrap\">moh072<a name=\"lk-core-moh-area-cs-moh072\"> </a></td><td>Moratuwa MOH</td></tr><tr><td style=\"white-space:nowrap\">moh073<a name=\"lk-core-moh-area-cs-moh073\"> </a></td><td>Nugegoda MOH</td></tr><tr><td style=\"white-space:nowrap\">moh074<a name=\"lk-core-moh-area-cs-moh074\"> </a></td><td>Padukka MOH</td></tr><tr><td style=\"white-space:nowrap\">moh075<a name=\"lk-core-moh-area-cs-moh075\"> </a></td><td>Piliyandala (Kesbewa) MOH</td></tr><tr><td style=\"white-space:nowrap\">moh076<a name=\"lk-core-moh-area-cs-moh076\"> </a></td><td>Pitakotte (Kotte) MOH</td></tr><tr><td style=\"white-space:nowrap\">moh077<a name=\"lk-core-moh-area-cs-moh077\"> </a></td><td>Rathmalana MOH</td></tr><tr><td style=\"white-space:nowrap\">moh078<a name=\"lk-core-moh-area-cs-moh078\"> </a></td><td>Akmeemana MOH</td></tr><tr><td style=\"white-space:nowrap\">moh079<a name=\"lk-core-moh-area-cs-moh079\"> </a></td><td>Ambalangoda MOH</td></tr><tr><td style=\"white-space:nowrap\">moh080<a name=\"lk-core-moh-area-cs-moh080\"> </a></td><td>Baddegama MOH</td></tr><tr><td style=\"white-space:nowrap\">moh081<a name=\"lk-core-moh-area-cs-moh081\"> </a></td><td>Balapitiya MOH</td></tr><tr><td style=\"white-space:nowrap\">moh082<a name=\"lk-core-moh-area-cs-moh082\"> </a></td><td>Bentota (Induruwa) MOH</td></tr><tr><td style=\"white-space:nowrap\">moh083<a name=\"lk-core-moh-area-cs-moh083\"> </a></td><td>Bope - Poddala MOH</td></tr><tr><td style=\"white-space:nowrap\">moh084<a name=\"lk-core-moh-area-cs-moh084\"> </a></td><td>Elpitiya MOH</td></tr><tr><td style=\"white-space:nowrap\">moh085<a name=\"lk-core-moh-area-cs-moh085\"> </a></td><td>Galle MC MOH</td></tr><tr><td style=\"white-space:nowrap\">moh086<a name=\"lk-core-moh-area-cs-moh086\"> </a></td><td>Gonapinuwala MOH</td></tr><tr><td style=\"white-space:nowrap\">moh087<a name=\"lk-core-moh-area-cs-moh087\"> </a></td><td>Habaraduwa MOH</td></tr><tr><td style=\"white-space:nowrap\">moh088<a name=\"lk-core-moh-area-cs-moh088\"> </a></td><td>Hikkaduwa MOH</td></tr><tr><td style=\"white-space:nowrap\">moh089<a name=\"lk-core-moh-area-cs-moh089\"> </a></td><td>Imaduwa MOH</td></tr><tr><td style=\"white-space:nowrap\">moh090<a name=\"lk-core-moh-area-cs-moh090\"> </a></td><td>Karandeniya MOH</td></tr><tr><td style=\"white-space:nowrap\">moh091<a name=\"lk-core-moh-area-cs-moh091\"> </a></td><td>Nagoda (Udugama) MOH</td></tr><tr><td style=\"white-space:nowrap\">moh092<a name=\"lk-core-moh-area-cs-moh092\"> </a></td><td>Neluwa MOH</td></tr><tr><td style=\"white-space:nowrap\">moh093<a name=\"lk-core-moh-area-cs-moh093\"> </a></td><td>Niyagama MOH</td></tr><tr><td style=\"white-space:nowrap\">moh094<a name=\"lk-core-moh-area-cs-moh094\"> </a></td><td>Rathganga MOH</td></tr><tr><td style=\"white-space:nowrap\">moh095<a name=\"lk-core-moh-area-cs-moh095\"> </a></td><td>Thawalama MOH</td></tr><tr><td style=\"white-space:nowrap\">moh096<a name=\"lk-core-moh-area-cs-moh096\"> </a></td><td>Walivitiya (Divithura) MOH</td></tr><tr><td style=\"white-space:nowrap\">moh097<a name=\"lk-core-moh-area-cs-moh097\"> </a></td><td>Yakkalamulla MOH</td></tr><tr><td style=\"white-space:nowrap\">moh098<a name=\"lk-core-moh-area-cs-moh098\"> </a></td><td>Attanagalla MOH</td></tr><tr><td style=\"white-space:nowrap\">moh099<a name=\"lk-core-moh-area-cs-moh099\"> </a></td><td>Biyagama MOH</td></tr><tr><td style=\"white-space:nowrap\">moh100<a name=\"lk-core-moh-area-cs-moh100\"> </a></td><td>Divulapitiya MOH</td></tr><tr><td style=\"white-space:nowrap\">moh101<a name=\"lk-core-moh-area-cs-moh101\"> </a></td><td>Gampaha MOH</td></tr><tr><td style=\"white-space:nowrap\">moh102<a name=\"lk-core-moh-area-cs-moh102\"> </a></td><td>Ja-Ela MOH</td></tr><tr><td style=\"white-space:nowrap\">moh103<a name=\"lk-core-moh-area-cs-moh103\"> </a></td><td>Katana MOH</td></tr><tr><td style=\"white-space:nowrap\">moh104<a name=\"lk-core-moh-area-cs-moh104\"> </a></td><td>Katunayake (BOI) MOH</td></tr><tr><td style=\"white-space:nowrap\">moh105<a name=\"lk-core-moh-area-cs-moh105\"> </a></td><td>Kelaniya MOH</td></tr><tr><td style=\"white-space:nowrap\">moh106<a name=\"lk-core-moh-area-cs-moh106\"> </a></td><td>Mahara MOH</td></tr><tr><td style=\"white-space:nowrap\">moh107<a name=\"lk-core-moh-area-cs-moh107\"> </a></td><td>Minuwangoda MOH</td></tr><tr><td style=\"white-space:nowrap\">moh108<a name=\"lk-core-moh-area-cs-moh108\"> </a></td><td>Mirigama MOH</td></tr><tr><td style=\"white-space:nowrap\">moh109<a name=\"lk-core-moh-area-cs-moh109\"> </a></td><td>Negombo MOH</td></tr><tr><td style=\"white-space:nowrap\">moh110<a name=\"lk-core-moh-area-cs-moh110\"> </a></td><td>Pugoda (Dompe) MOH</td></tr><tr><td style=\"white-space:nowrap\">moh111<a name=\"lk-core-moh-area-cs-moh111\"> </a></td><td>Ragama MOH</td></tr><tr><td style=\"white-space:nowrap\">moh112<a name=\"lk-core-moh-area-cs-moh112\"> </a></td><td>Seeduwa MOH</td></tr><tr><td style=\"white-space:nowrap\">moh113<a name=\"lk-core-moh-area-cs-moh113\"> </a></td><td>Wattala MOH</td></tr><tr><td style=\"white-space:nowrap\">moh114<a name=\"lk-core-moh-area-cs-moh114\"> </a></td><td>Ambalanthota MOH</td></tr><tr><td style=\"white-space:nowrap\">moh115<a name=\"lk-core-moh-area-cs-moh115\"> </a></td><td>Angunakolapelessa MOH</td></tr><tr><td style=\"white-space:nowrap\">moh116<a name=\"lk-core-moh-area-cs-moh116\"> </a></td><td>Beliatta MOH</td></tr><tr><td style=\"white-space:nowrap\">moh117<a name=\"lk-core-moh-area-cs-moh117\"> </a></td><td>Hambantota MOH</td></tr><tr><td style=\"white-space:nowrap\">moh118<a name=\"lk-core-moh-area-cs-moh118\"> </a></td><td>Katuwana MOH</td></tr><tr><td style=\"white-space:nowrap\">moh119<a name=\"lk-core-moh-area-cs-moh119\"> </a></td><td>Lunugamvehera MOH</td></tr><tr><td style=\"white-space:nowrap\">moh120<a name=\"lk-core-moh-area-cs-moh120\"> </a></td><td>Okewela MOH</td></tr><tr><td style=\"white-space:nowrap\">moh121<a name=\"lk-core-moh-area-cs-moh121\"> </a></td><td>Sooriyawewa MOH</td></tr><tr><td style=\"white-space:nowrap\">moh122<a name=\"lk-core-moh-area-cs-moh122\"> </a></td><td>Tangalle MOH</td></tr><tr><td style=\"white-space:nowrap\">moh123<a name=\"lk-core-moh-area-cs-moh123\"> </a></td><td>Thissamaharama MOH</td></tr><tr><td style=\"white-space:nowrap\">moh124<a name=\"lk-core-moh-area-cs-moh124\"> </a></td><td>Walasmulla MOH</td></tr><tr><td style=\"white-space:nowrap\">moh125<a name=\"lk-core-moh-area-cs-moh125\"> </a></td><td>Weeraketiya MOH</td></tr><tr><td style=\"white-space:nowrap\">moh126<a name=\"lk-core-moh-area-cs-moh126\"> </a></td><td>Ampan (Point Pedro) MOH</td></tr><tr><td style=\"white-space:nowrap\">moh127<a name=\"lk-core-moh-area-cs-moh127\"> </a></td><td>Chankanai - Walikamam West MOH</td></tr><tr><td style=\"white-space:nowrap\">moh128<a name=\"lk-core-moh-area-cs-moh128\"> </a></td><td>Chavakachchari MOH</td></tr><tr><td style=\"white-space:nowrap\">moh129<a name=\"lk-core-moh-area-cs-moh129\"> </a></td><td>Jaffna MOH</td></tr><tr><td style=\"white-space:nowrap\">moh130<a name=\"lk-core-moh-area-cs-moh130\"> </a></td><td>Karaveddy MOH</td></tr><tr><td style=\"white-space:nowrap\">moh131<a name=\"lk-core-moh-area-cs-moh131\"> </a></td><td>Kayts MOH</td></tr><tr><td style=\"white-space:nowrap\">moh132<a name=\"lk-core-moh-area-cs-moh132\"> </a></td><td>Kopay MOH</td></tr><tr><td style=\"white-space:nowrap\">moh133<a name=\"lk-core-moh-area-cs-moh133\"> </a></td><td>Nallur MOH</td></tr><tr><td style=\"white-space:nowrap\">moh134<a name=\"lk-core-moh-area-cs-moh134\"> </a></td><td>Sandilipay MOH</td></tr><tr><td style=\"white-space:nowrap\">moh135<a name=\"lk-core-moh-area-cs-moh135\"> </a></td><td>Telippalai MOH</td></tr><tr><td style=\"white-space:nowrap\">moh136<a name=\"lk-core-moh-area-cs-moh136\"> </a></td><td>Uduvil MOH</td></tr><tr><td style=\"white-space:nowrap\">moh137<a name=\"lk-core-moh-area-cs-moh137\"> </a></td><td>Velanai (Island South) MOH</td></tr><tr><td style=\"white-space:nowrap\">moh138<a name=\"lk-core-moh-area-cs-moh138\"> </a></td><td>Aranayaka MOH</td></tr><tr><td style=\"white-space:nowrap\">moh139<a name=\"lk-core-moh-area-cs-moh139\"> </a></td><td>Bulathkohupitiya MOH</td></tr><tr><td style=\"white-space:nowrap\">moh140<a name=\"lk-core-moh-area-cs-moh140\"> </a></td><td>Dehiovita MOH</td></tr><tr><td style=\"white-space:nowrap\">moh141<a name=\"lk-core-moh-area-cs-moh141\"> </a></td><td>Deraniyagala MOH</td></tr><tr><td style=\"white-space:nowrap\">moh142<a name=\"lk-core-moh-area-cs-moh142\"> </a></td><td>Galigamuwa MOH</td></tr><tr><td style=\"white-space:nowrap\">moh143<a name=\"lk-core-moh-area-cs-moh143\"> </a></td><td>Kegalle MOH</td></tr><tr><td style=\"white-space:nowrap\">moh144<a name=\"lk-core-moh-area-cs-moh144\"> </a></td><td>Mawanella MOH</td></tr><tr><td style=\"white-space:nowrap\">moh145<a name=\"lk-core-moh-area-cs-moh145\"> </a></td><td>Rambukkana MOH</td></tr><tr><td style=\"white-space:nowrap\">moh146<a name=\"lk-core-moh-area-cs-moh146\"> </a></td><td>Ruwanwella MOH</td></tr><tr><td style=\"white-space:nowrap\">moh147<a name=\"lk-core-moh-area-cs-moh147\"> </a></td><td>Warakapola MOH</td></tr><tr><td style=\"white-space:nowrap\">moh148<a name=\"lk-core-moh-area-cs-moh148\"> </a></td><td>Yatiyanthota MOH</td></tr><tr><td style=\"white-space:nowrap\">moh149<a name=\"lk-core-moh-area-cs-moh149\"> </a></td><td>Alawwa MOH</td></tr><tr><td style=\"white-space:nowrap\">moh150<a name=\"lk-core-moh-area-cs-moh150\"> </a></td><td>Ambanpola MOH</td></tr><tr><td style=\"white-space:nowrap\">moh151<a name=\"lk-core-moh-area-cs-moh151\"> </a></td><td>Bamunukotuwa MOH</td></tr><tr><td style=\"white-space:nowrap\">moh152<a name=\"lk-core-moh-area-cs-moh152\"> </a></td><td>Bingiriya MOH</td></tr><tr><td style=\"white-space:nowrap\">moh153<a name=\"lk-core-moh-area-cs-moh153\"> </a></td><td>Galgamuwa MOH</td></tr><tr><td style=\"white-space:nowrap\">moh154<a name=\"lk-core-moh-area-cs-moh154\"> </a></td><td>Ganewatta MOH</td></tr><tr><td style=\"white-space:nowrap\">moh155<a name=\"lk-core-moh-area-cs-moh155\"> </a></td><td>Giribawa MOH</td></tr><tr><td style=\"white-space:nowrap\">moh156<a name=\"lk-core-moh-area-cs-moh156\"> </a></td><td>Ibbagamuwa (Gokarella) MOH</td></tr><tr><td style=\"white-space:nowrap\">moh157<a name=\"lk-core-moh-area-cs-moh157\"> </a></td><td>Kobeigane MOH</td></tr><tr><td style=\"white-space:nowrap\">moh158<a name=\"lk-core-moh-area-cs-moh158\"> </a></td><td>Kotawehera MOH</td></tr><tr><td style=\"white-space:nowrap\">moh159<a name=\"lk-core-moh-area-cs-moh159\"> </a></td><td>Kuliyapitiya East MOH</td></tr><tr><td style=\"white-space:nowrap\">moh160<a name=\"lk-core-moh-area-cs-moh160\"> </a></td><td>Kuliyapitiya West MOH</td></tr><tr><td style=\"white-space:nowrap\">moh161<a name=\"lk-core-moh-area-cs-moh161\"> </a></td><td>Kurunegala MOH</td></tr><tr><td style=\"white-space:nowrap\">moh162<a name=\"lk-core-moh-area-cs-moh162\"> </a></td><td>Kurunegala MC MOH</td></tr><tr><td style=\"white-space:nowrap\">moh163<a name=\"lk-core-moh-area-cs-moh163\"> </a></td><td>Maho MOH</td></tr><tr><td style=\"white-space:nowrap\">moh164<a name=\"lk-core-moh-area-cs-moh164\"> </a></td><td>Mallawapitiya MOH</td></tr><tr><td style=\"white-space:nowrap\">moh165<a name=\"lk-core-moh-area-cs-moh165\"> </a></td><td>Maspotha MOH</td></tr><tr><td style=\"white-space:nowrap\">moh166<a name=\"lk-core-moh-area-cs-moh166\"> </a></td><td>Mawathagama MOH</td></tr><tr><td style=\"white-space:nowrap\">moh167<a name=\"lk-core-moh-area-cs-moh167\"> </a></td><td>Narammala MOH</td></tr><tr><td style=\"white-space:nowrap\">moh168<a name=\"lk-core-moh-area-cs-moh168\"> </a></td><td>Nikaweratiya MOH</td></tr><tr><td style=\"white-space:nowrap\">moh169<a name=\"lk-core-moh-area-cs-moh169\"> </a></td><td>Paduwasnuwara West MOH</td></tr><tr><td style=\"white-space:nowrap\">moh170<a name=\"lk-core-moh-area-cs-moh170\"> </a></td><td>Panduwasnuwara East MOH</td></tr><tr><td style=\"white-space:nowrap\">moh171<a name=\"lk-core-moh-area-cs-moh171\"> </a></td><td>Pannala MOH</td></tr><tr><td style=\"white-space:nowrap\">moh172<a name=\"lk-core-moh-area-cs-moh172\"> </a></td><td>Polgahawela MOH</td></tr><tr><td style=\"white-space:nowrap\">moh173<a name=\"lk-core-moh-area-cs-moh173\"> </a></td><td>Polpithigama MOH</td></tr><tr><td style=\"white-space:nowrap\">moh174<a name=\"lk-core-moh-area-cs-moh174\"> </a></td><td>Rasnayakapura MOH</td></tr><tr><td style=\"white-space:nowrap\">moh175<a name=\"lk-core-moh-area-cs-moh175\"> </a></td><td>Rideegama MOH</td></tr><tr><td style=\"white-space:nowrap\">moh176<a name=\"lk-core-moh-area-cs-moh176\"> </a></td><td>Udubaddawa MOH</td></tr><tr><td style=\"white-space:nowrap\">moh177<a name=\"lk-core-moh-area-cs-moh177\"> </a></td><td>Wariyapola MOH</td></tr><tr><td style=\"white-space:nowrap\">moh178<a name=\"lk-core-moh-area-cs-moh178\"> </a></td><td>Weerabugedara MOH</td></tr><tr><td style=\"white-space:nowrap\">moh179<a name=\"lk-core-moh-area-cs-moh179\"> </a></td><td>Addalachchenai MOH</td></tr><tr><td style=\"white-space:nowrap\">moh180<a name=\"lk-core-moh-area-cs-moh180\"> </a></td><td>Akkaraipathu MOH</td></tr><tr><td style=\"white-space:nowrap\">moh181<a name=\"lk-core-moh-area-cs-moh181\"> </a></td><td>Alayadivembu MOH</td></tr><tr><td style=\"white-space:nowrap\">moh182<a name=\"lk-core-moh-area-cs-moh182\"> </a></td><td>Irakkamam MOH</td></tr><tr><td style=\"white-space:nowrap\">moh183<a name=\"lk-core-moh-area-cs-moh183\"> </a></td><td>Kalmunai North MOH</td></tr><tr><td style=\"white-space:nowrap\">moh184<a name=\"lk-core-moh-area-cs-moh184\"> </a></td><td>Kalmunai South MOH</td></tr><tr><td style=\"white-space:nowrap\">moh185<a name=\"lk-core-moh-area-cs-moh185\"> </a></td><td>Karaitivu MOH</td></tr><tr><td style=\"white-space:nowrap\">moh186<a name=\"lk-core-moh-area-cs-moh186\"> </a></td><td>Navithanveli MOH</td></tr><tr><td style=\"white-space:nowrap\">moh187<a name=\"lk-core-moh-area-cs-moh187\"> </a></td><td>Ninthavur MOH</td></tr><tr><td style=\"white-space:nowrap\">moh188<a name=\"lk-core-moh-area-cs-moh188\"> </a></td><td>Pottuvil MOH</td></tr><tr><td style=\"white-space:nowrap\">moh189<a name=\"lk-core-moh-area-cs-moh189\"> </a></td><td>Sainthamaruthu MOH</td></tr><tr><td style=\"white-space:nowrap\">moh190<a name=\"lk-core-moh-area-cs-moh190\"> </a></td><td>Sammanthurai MOH</td></tr><tr><td style=\"white-space:nowrap\">moh191<a name=\"lk-core-moh-area-cs-moh191\"> </a></td><td>Thirukkovil MOH</td></tr><tr><td style=\"white-space:nowrap\">moh192<a name=\"lk-core-moh-area-cs-moh192\"> </a></td><td>Kandawalai MOH</td></tr><tr><td style=\"white-space:nowrap\">moh193<a name=\"lk-core-moh-area-cs-moh193\"> </a></td><td>Karachchi (Kilinochchci) MOH</td></tr><tr><td style=\"white-space:nowrap\">moh194<a name=\"lk-core-moh-area-cs-moh194\"> </a></td><td>Pallai MOH</td></tr><tr><td style=\"white-space:nowrap\">moh195<a name=\"lk-core-moh-area-cs-moh195\"> </a></td><td>Poonakery MOH</td></tr><tr><td style=\"white-space:nowrap\">moh196<a name=\"lk-core-moh-area-cs-moh196\"> </a></td><td>Agalawatta MOH</td></tr><tr><td style=\"white-space:nowrap\">moh197<a name=\"lk-core-moh-area-cs-moh197\"> </a></td><td>Bandaragama MOH</td></tr><tr><td style=\"white-space:nowrap\">moh198<a name=\"lk-core-moh-area-cs-moh198\"> </a></td><td>Bulathsinhala MOH</td></tr><tr><td style=\"white-space:nowrap\">moh199<a name=\"lk-core-moh-area-cs-moh199\"> </a></td><td>Dodangoda MOH</td></tr><tr><td style=\"white-space:nowrap\">moh200<a name=\"lk-core-moh-area-cs-moh200\"> </a></td><td>Horana MOH</td></tr><tr><td style=\"white-space:nowrap\">moh201<a name=\"lk-core-moh-area-cs-moh201\"> </a></td><td>Ingiriya MOH</td></tr><tr><td style=\"white-space:nowrap\">moh202<a name=\"lk-core-moh-area-cs-moh202\"> </a></td><td>Madurawala MOH</td></tr><tr><td style=\"white-space:nowrap\">moh203<a name=\"lk-core-moh-area-cs-moh203\"> </a></td><td>Mathugama MOH</td></tr><tr><td style=\"white-space:nowrap\">moh204<a name=\"lk-core-moh-area-cs-moh204\"> </a></td><td>Millaniya MOH</td></tr><tr><td style=\"white-space:nowrap\">moh205<a name=\"lk-core-moh-area-cs-moh205\"> </a></td><td>Palindanuwara MOH</td></tr><tr><td style=\"white-space:nowrap\">moh206<a name=\"lk-core-moh-area-cs-moh206\"> </a></td><td>Panadura MOH</td></tr><tr><td style=\"white-space:nowrap\">moh207<a name=\"lk-core-moh-area-cs-moh207\"> </a></td><td>Wadduwa MOH</td></tr><tr><td style=\"white-space:nowrap\">moh208<a name=\"lk-core-moh-area-cs-moh208\"> </a></td><td>Walallawita MOH</td></tr><tr><td style=\"white-space:nowrap\">moh209<a name=\"lk-core-moh-area-cs-moh209\"> </a></td><td>Akurana MOH</td></tr><tr><td style=\"white-space:nowrap\">moh210<a name=\"lk-core-moh-area-cs-moh210\"> </a></td><td>Bambaradeniya MOH</td></tr><tr><td style=\"white-space:nowrap\">moh211<a name=\"lk-core-moh-area-cs-moh211\"> </a></td><td>Doluwa MOH</td></tr><tr><td style=\"white-space:nowrap\">moh212<a name=\"lk-core-moh-area-cs-moh212\"> </a></td><td>Galagedara MOH</td></tr><tr><td style=\"white-space:nowrap\">moh213<a name=\"lk-core-moh-area-cs-moh213\"> </a></td><td>Galaha MOH</td></tr><tr><td style=\"white-space:nowrap\">moh214<a name=\"lk-core-moh-area-cs-moh214\"> </a></td><td>Gampola (Udapalatha) MOH</td></tr><tr><td style=\"white-space:nowrap\">moh215<a name=\"lk-core-moh-area-cs-moh215\"> </a></td><td>Gangawata Korale MOH</td></tr><tr><td style=\"white-space:nowrap\">moh216<a name=\"lk-core-moh-area-cs-moh216\"> </a></td><td>Hasalaka MOH</td></tr><tr><td style=\"white-space:nowrap\">moh217<a name=\"lk-core-moh-area-cs-moh217\"> </a></td><td>Hatharaliyadda MOH</td></tr><tr><td style=\"white-space:nowrap\">moh218<a name=\"lk-core-moh-area-cs-moh218\"> </a></td><td>Kandy MC MOH</td></tr><tr><td style=\"white-space:nowrap\">moh219<a name=\"lk-core-moh-area-cs-moh219\"> </a></td><td>Kundasale MOH</td></tr><tr><td style=\"white-space:nowrap\">moh220<a name=\"lk-core-moh-area-cs-moh220\"> </a></td><td>Kurunduwaththa (Gangaihala) MOH</td></tr><tr><td style=\"white-space:nowrap\">moh221<a name=\"lk-core-moh-area-cs-moh221\"> </a></td><td>Medadumbara (Medamahanuwara) MOH</td></tr><tr><td style=\"white-space:nowrap\">moh222<a name=\"lk-core-moh-area-cs-moh222\"> </a></td><td>Menikhinna MOH</td></tr><tr><td style=\"white-space:nowrap\">moh223<a name=\"lk-core-moh-area-cs-moh223\"> </a></td><td>Panvila MOH</td></tr><tr><td style=\"white-space:nowrap\">moh224<a name=\"lk-core-moh-area-cs-moh224\"> </a></td><td>Pasbage (Nawalapitiya) MOH</td></tr><tr><td style=\"white-space:nowrap\">moh225<a name=\"lk-core-moh-area-cs-moh225\"> </a></td><td>Poojapitiya MOH</td></tr><tr><td style=\"white-space:nowrap\">moh226<a name=\"lk-core-moh-area-cs-moh226\"> </a></td><td>Thalathuoya MOH</td></tr><tr><td style=\"white-space:nowrap\">moh227<a name=\"lk-core-moh-area-cs-moh227\"> </a></td><td>Udadumbara MOH</td></tr><tr><td style=\"white-space:nowrap\">moh228<a name=\"lk-core-moh-area-cs-moh228\"> </a></td><td>Udunuwara MOH</td></tr><tr><td style=\"white-space:nowrap\">moh229<a name=\"lk-core-moh-area-cs-moh229\"> </a></td><td>Waththegama (Pathadumbara) MOH</td></tr><tr><td style=\"white-space:nowrap\">moh230<a name=\"lk-core-moh-area-cs-moh230\"> </a></td><td>Werellagama (Harispattuwa) MOH</td></tr><tr><td style=\"white-space:nowrap\">moh231<a name=\"lk-core-moh-area-cs-moh231\"> </a></td><td>Yatinuwara (Kadugannawa) MOH</td></tr><tr><td style=\"white-space:nowrap\">moh232<a name=\"lk-core-moh-area-cs-moh232\"> </a></td><td>Badalkumbura MOH</td></tr><tr><td style=\"white-space:nowrap\">moh233<a name=\"lk-core-moh-area-cs-moh233\"> </a></td><td>Bibile MOH</td></tr><tr><td style=\"white-space:nowrap\">moh234<a name=\"lk-core-moh-area-cs-moh234\"> </a></td><td>Buttala MOH</td></tr><tr><td style=\"white-space:nowrap\">moh235<a name=\"lk-core-moh-area-cs-moh235\"> </a></td><td>Kataragama MOH</td></tr><tr><td style=\"white-space:nowrap\">moh236<a name=\"lk-core-moh-area-cs-moh236\"> </a></td><td>Madulla MOH</td></tr><tr><td style=\"white-space:nowrap\">moh237<a name=\"lk-core-moh-area-cs-moh237\"> </a></td><td>Medagama MOH</td></tr><tr><td style=\"white-space:nowrap\">moh238<a name=\"lk-core-moh-area-cs-moh238\"> </a></td><td>Moneragala MOH</td></tr><tr><td style=\"white-space:nowrap\">moh239<a name=\"lk-core-moh-area-cs-moh239\"> </a></td><td>Sevanagala MOH</td></tr><tr><td style=\"white-space:nowrap\">moh240<a name=\"lk-core-moh-area-cs-moh240\"> </a></td><td>Siyambalanduwa MOH</td></tr><tr><td style=\"white-space:nowrap\">moh241<a name=\"lk-core-moh-area-cs-moh241\"> </a></td><td>Thanamalwila MOH</td></tr><tr><td style=\"white-space:nowrap\">moh242<a name=\"lk-core-moh-area-cs-moh242\"> </a></td><td>Wellawaya MOH</td></tr><tr><td style=\"white-space:nowrap\">moh243<a name=\"lk-core-moh-area-cs-moh243\"> </a></td><td>Mallavi MOH</td></tr><tr><td style=\"white-space:nowrap\">moh244<a name=\"lk-core-moh-area-cs-moh244\"> </a></td><td>Manthai East MOH</td></tr><tr><td style=\"white-space:nowrap\">moh245<a name=\"lk-core-moh-area-cs-moh245\"> </a></td><td>Mullaitivu MOH</td></tr><tr><td style=\"white-space:nowrap\">moh246<a name=\"lk-core-moh-area-cs-moh246\"> </a></td><td>Oddusudan MOH</td></tr><tr><td style=\"white-space:nowrap\">moh247<a name=\"lk-core-moh-area-cs-moh247\"> </a></td><td>Puthukkudyiruppu MOH</td></tr><tr><td style=\"white-space:nowrap\">moh248<a name=\"lk-core-moh-area-cs-moh248\"> </a></td><td>Welioya MOH</td></tr><tr><td style=\"white-space:nowrap\">moh249<a name=\"lk-core-moh-area-cs-moh249\"> </a></td><td>Adampan MOH</td></tr><tr><td style=\"white-space:nowrap\">moh250<a name=\"lk-core-moh-area-cs-moh250\"> </a></td><td>Madhu MOH</td></tr><tr><td style=\"white-space:nowrap\">moh251<a name=\"lk-core-moh-area-cs-moh251\"> </a></td><td>Mannar MOH</td></tr><tr><td style=\"white-space:nowrap\">moh252<a name=\"lk-core-moh-area-cs-moh252\"> </a></td><td>Murunkan MOH</td></tr><tr><td style=\"white-space:nowrap\">moh253<a name=\"lk-core-moh-area-cs-moh253\"> </a></td><td>Musali MOH</td></tr><tr><td style=\"white-space:nowrap\">moh254<a name=\"lk-core-moh-area-cs-moh254\"> </a></td><td>Akuressa MOH</td></tr><tr><td style=\"white-space:nowrap\">moh255<a name=\"lk-core-moh-area-cs-moh255\"> </a></td><td>Athuraliya MOH</td></tr><tr><td style=\"white-space:nowrap\">moh256<a name=\"lk-core-moh-area-cs-moh256\"> </a></td><td>Deniyaya (Kotapola) MOH</td></tr><tr><td style=\"white-space:nowrap\">moh257<a name=\"lk-core-moh-area-cs-moh257\"> </a></td><td>Devinuwara MOH</td></tr><tr><td style=\"white-space:nowrap\">moh258<a name=\"lk-core-moh-area-cs-moh258\"> </a></td><td>Dickwella MOH</td></tr><tr><td style=\"white-space:nowrap\">moh259<a name=\"lk-core-moh-area-cs-moh259\"> </a></td><td>Hakmana MOH</td></tr><tr><td style=\"white-space:nowrap\">moh260<a name=\"lk-core-moh-area-cs-moh260\"> </a></td><td>Kamburupitiya MOH</td></tr><tr><td style=\"white-space:nowrap\">moh261<a name=\"lk-core-moh-area-cs-moh261\"> </a></td><td>Kirinda-Puhulwella MOH</td></tr><tr><td style=\"white-space:nowrap\">moh262<a name=\"lk-core-moh-area-cs-moh262\"> </a></td><td>Malimbada MOH</td></tr><tr><td style=\"white-space:nowrap\">moh263<a name=\"lk-core-moh-area-cs-moh263\"> </a></td><td>Matara MC MOH</td></tr><tr><td style=\"white-space:nowrap\">moh264<a name=\"lk-core-moh-area-cs-moh264\"> </a></td><td>Matara PS Kekanadura MOH</td></tr><tr><td style=\"white-space:nowrap\">moh265<a name=\"lk-core-moh-area-cs-moh265\"> </a></td><td>Morawaka MOH</td></tr><tr><td style=\"white-space:nowrap\">moh266<a name=\"lk-core-moh-area-cs-moh266\"> </a></td><td>Mulatiyana MOH</td></tr><tr><td style=\"white-space:nowrap\">moh267<a name=\"lk-core-moh-area-cs-moh267\"> </a></td><td>Pasgoda (Urubokka) MOH</td></tr><tr><td style=\"white-space:nowrap\">moh268<a name=\"lk-core-moh-area-cs-moh268\"> </a></td><td>Thihagoda MOH</td></tr><tr><td style=\"white-space:nowrap\">moh269<a name=\"lk-core-moh-area-cs-moh269\"> </a></td><td>Weligama MOH</td></tr><tr><td style=\"white-space:nowrap\">moh270<a name=\"lk-core-moh-area-cs-moh270\"> </a></td><td>Welipitiya MOH</td></tr><tr><td style=\"white-space:nowrap\">moh271<a name=\"lk-core-moh-area-cs-moh271\"> </a></td><td>Ambanganga Korale MOH</td></tr><tr><td style=\"white-space:nowrap\">moh272<a name=\"lk-core-moh-area-cs-moh272\"> </a></td><td>Dambulla MOH</td></tr><tr><td style=\"white-space:nowrap\">moh273<a name=\"lk-core-moh-area-cs-moh273\"> </a></td><td>Dambulla MC MOH</td></tr><tr><td style=\"white-space:nowrap\">moh274<a name=\"lk-core-moh-area-cs-moh274\"> </a></td><td>Galewela MOH</td></tr><tr><td style=\"white-space:nowrap\">moh275<a name=\"lk-core-moh-area-cs-moh275\"> </a></td><td>Laggala-Pallegama MOH</td></tr><tr><td style=\"white-space:nowrap\">moh276<a name=\"lk-core-moh-area-cs-moh276\"> </a></td><td>Matale MOH</td></tr><tr><td style=\"white-space:nowrap\">moh277<a name=\"lk-core-moh-area-cs-moh277\"> </a></td><td>Matale MC MOH</td></tr><tr><td style=\"white-space:nowrap\">moh278<a name=\"lk-core-moh-area-cs-moh278\"> </a></td><td>Naula MOH</td></tr><tr><td style=\"white-space:nowrap\">moh279<a name=\"lk-core-moh-area-cs-moh279\"> </a></td><td>Pallepola MOH</td></tr><tr><td style=\"white-space:nowrap\">moh280<a name=\"lk-core-moh-area-cs-moh280\"> </a></td><td>Rattota MOH</td></tr><tr><td style=\"white-space:nowrap\">moh281<a name=\"lk-core-moh-area-cs-moh281\"> </a></td><td>Ukuwela MOH</td></tr><tr><td style=\"white-space:nowrap\">moh282<a name=\"lk-core-moh-area-cs-moh282\"> </a></td><td>Wilgamuwa MOH</td></tr><tr><td style=\"white-space:nowrap\">moh283<a name=\"lk-core-moh-area-cs-moh283\"> </a></td><td>Yatawatta MOH</td></tr><tr><td style=\"white-space:nowrap\">moh284<a name=\"lk-core-moh-area-cs-moh284\"> </a></td><td>Ambagamuwa (Ginigathhena) MOH</td></tr><tr><td style=\"white-space:nowrap\">moh285<a name=\"lk-core-moh-area-cs-moh285\"> </a></td><td>Bogawanthalawa MOH</td></tr><tr><td style=\"white-space:nowrap\">moh286<a name=\"lk-core-moh-area-cs-moh286\"> </a></td><td>Kotagala MOH</td></tr><tr><td style=\"white-space:nowrap\">moh287<a name=\"lk-core-moh-area-cs-moh287\"> </a></td><td>Kothmale MOH</td></tr><tr><td style=\"white-space:nowrap\">moh288<a name=\"lk-core-moh-area-cs-moh288\"> </a></td><td>Lidula (Thalawakale) MOH</td></tr><tr><td style=\"white-space:nowrap\">moh289<a name=\"lk-core-moh-area-cs-moh289\"> </a></td><td>Maskeliya MOH</td></tr><tr><td style=\"white-space:nowrap\">moh290<a name=\"lk-core-moh-area-cs-moh290\"> </a></td><td>Maturata MOH</td></tr><tr><td style=\"white-space:nowrap\">moh291<a name=\"lk-core-moh-area-cs-moh291\"> </a></td><td>Nawathispane MOH</td></tr><tr><td style=\"white-space:nowrap\">moh292<a name=\"lk-core-moh-area-cs-moh292\"> </a></td><td>Nuwara Eliya MOH</td></tr><tr><td style=\"white-space:nowrap\">moh293<a name=\"lk-core-moh-area-cs-moh293\"> </a></td><td>Nuwara Eliya MC MOH</td></tr><tr><td style=\"white-space:nowrap\">moh294<a name=\"lk-core-moh-area-cs-moh294\"> </a></td><td>Ragala MOH</td></tr><tr><td style=\"white-space:nowrap\">moh295<a name=\"lk-core-moh-area-cs-moh295\"> </a></td><td>Rikillagaskada (Hanguranketha) MOH</td></tr><tr><td style=\"white-space:nowrap\">moh296<a name=\"lk-core-moh-area-cs-moh296\"> </a></td><td>Walapane MOH</td></tr><tr><td style=\"white-space:nowrap\">moh297<a name=\"lk-core-moh-area-cs-moh297\"> </a></td><td>Bakamuna (Elahera) MOH</td></tr><tr><td style=\"white-space:nowrap\">moh298<a name=\"lk-core-moh-area-cs-moh298\"> </a></td><td>Dimbulagala MOH</td></tr><tr><td style=\"white-space:nowrap\">moh299<a name=\"lk-core-moh-area-cs-moh299\"> </a></td><td>Hingurakgoda MOH</td></tr><tr><td style=\"white-space:nowrap\">moh300<a name=\"lk-core-moh-area-cs-moh300\"> </a></td><td>Lankapura MOH</td></tr><tr><td style=\"white-space:nowrap\">moh301<a name=\"lk-core-moh-area-cs-moh301\"> </a></td><td>Medirigiriya MOH</td></tr><tr><td style=\"white-space:nowrap\">moh302<a name=\"lk-core-moh-area-cs-moh302\"> </a></td><td>Siripura MOH</td></tr><tr><td style=\"white-space:nowrap\">moh303<a name=\"lk-core-moh-area-cs-moh303\"> </a></td><td>Thamankaduwa MOH</td></tr><tr><td style=\"white-space:nowrap\">moh304<a name=\"lk-core-moh-area-cs-moh304\"> </a></td><td>Welikanda MOH</td></tr><tr><td style=\"white-space:nowrap\">moh305<a name=\"lk-core-moh-area-cs-moh305\"> </a></td><td>Anamaduwa MOH</td></tr><tr><td style=\"white-space:nowrap\">moh306<a name=\"lk-core-moh-area-cs-moh306\"> </a></td><td>Arachchikattuwa MOH</td></tr><tr><td style=\"white-space:nowrap\">moh307<a name=\"lk-core-moh-area-cs-moh307\"> </a></td><td>Chilaw MOH</td></tr><tr><td style=\"white-space:nowrap\">moh308<a name=\"lk-core-moh-area-cs-moh308\"> </a></td><td>Dankotuwa MOH</td></tr><tr><td style=\"white-space:nowrap\">moh309<a name=\"lk-core-moh-area-cs-moh309\"> </a></td><td>Kalpitiya MOH</td></tr><tr><td style=\"white-space:nowrap\">moh310<a name=\"lk-core-moh-area-cs-moh310\"> </a></td><td>Karuwalagaswewa MOH</td></tr><tr><td style=\"white-space:nowrap\">moh311<a name=\"lk-core-moh-area-cs-moh311\"> </a></td><td>Madampe MOH</td></tr><tr><td style=\"white-space:nowrap\">moh312<a name=\"lk-core-moh-area-cs-moh312\"> </a></td><td>Mahawewa MOH</td></tr><tr><td style=\"white-space:nowrap\">moh313<a name=\"lk-core-moh-area-cs-moh313\"> </a></td><td>Mundalama MOH</td></tr><tr><td style=\"white-space:nowrap\">moh314<a name=\"lk-core-moh-area-cs-moh314\"> </a></td><td>Nattandiya MOH</td></tr><tr><td style=\"white-space:nowrap\">moh315<a name=\"lk-core-moh-area-cs-moh315\"> </a></td><td>Nawagarththegama MOH</td></tr><tr><td style=\"white-space:nowrap\">moh316<a name=\"lk-core-moh-area-cs-moh316\"> </a></td><td>Pallama MOH</td></tr><tr><td style=\"white-space:nowrap\">moh317<a name=\"lk-core-moh-area-cs-moh317\"> </a></td><td>Puttalam MOH</td></tr><tr><td style=\"white-space:nowrap\">moh318<a name=\"lk-core-moh-area-cs-moh318\"> </a></td><td>Wanathawilluwa MOH</td></tr><tr><td style=\"white-space:nowrap\">moh319<a name=\"lk-core-moh-area-cs-moh319\"> </a></td><td>Wennappuwa MOH</td></tr><tr><td style=\"white-space:nowrap\">moh320<a name=\"lk-core-moh-area-cs-moh320\"> </a></td><td>Ayagama MOH</td></tr><tr><td style=\"white-space:nowrap\">moh321<a name=\"lk-core-moh-area-cs-moh321\"> </a></td><td>Balangoda MOH</td></tr><tr><td style=\"white-space:nowrap\">moh322<a name=\"lk-core-moh-area-cs-moh322\"> </a></td><td>Eheliyagoda MOH</td></tr><tr><td style=\"white-space:nowrap\">moh323<a name=\"lk-core-moh-area-cs-moh323\"> </a></td><td>Elapatha MOH</td></tr><tr><td style=\"white-space:nowrap\">moh324<a name=\"lk-core-moh-area-cs-moh324\"> </a></td><td>Embilipitiya MOH</td></tr><tr><td style=\"white-space:nowrap\">moh325<a name=\"lk-core-moh-area-cs-moh325\"> </a></td><td>Godakawela MOH</td></tr><tr><td style=\"white-space:nowrap\">moh326<a name=\"lk-core-moh-area-cs-moh326\"> </a></td><td>Imbulpe MOH</td></tr><tr><td style=\"white-space:nowrap\">moh327<a name=\"lk-core-moh-area-cs-moh327\"> </a></td><td>Kahawatta MOH</td></tr><tr><td style=\"white-space:nowrap\">moh328<a name=\"lk-core-moh-area-cs-moh328\"> </a></td><td>Kalawana MOH</td></tr><tr><td style=\"white-space:nowrap\">moh329<a name=\"lk-core-moh-area-cs-moh329\"> </a></td><td>Kiriella MOH</td></tr><tr><td style=\"white-space:nowrap\">moh330<a name=\"lk-core-moh-area-cs-moh330\"> </a></td><td>Kolonna MOH</td></tr><tr><td style=\"white-space:nowrap\">moh331<a name=\"lk-core-moh-area-cs-moh331\"> </a></td><td>Kuruvita MOH</td></tr><tr><td style=\"white-space:nowrap\">moh332<a name=\"lk-core-moh-area-cs-moh332\"> </a></td><td>Nivithigala MOH</td></tr><tr><td style=\"white-space:nowrap\">moh333<a name=\"lk-core-moh-area-cs-moh333\"> </a></td><td>Openayaka MOH</td></tr><tr><td style=\"white-space:nowrap\">moh334<a name=\"lk-core-moh-area-cs-moh334\"> </a></td><td>Pelmadulla MOH</td></tr><tr><td style=\"white-space:nowrap\">moh335<a name=\"lk-core-moh-area-cs-moh335\"> </a></td><td>Rathnapura MC MOH</td></tr><tr><td style=\"white-space:nowrap\">moh336<a name=\"lk-core-moh-area-cs-moh336\"> </a></td><td>Ratnapura MOH</td></tr><tr><td style=\"white-space:nowrap\">moh337<a name=\"lk-core-moh-area-cs-moh337\"> </a></td><td>Weligepola MOH</td></tr><tr><td style=\"white-space:nowrap\">moh338<a name=\"lk-core-moh-area-cs-moh338\"> </a></td><td>Gomarankadavala MOH</td></tr><tr><td style=\"white-space:nowrap\">moh339<a name=\"lk-core-moh-area-cs-moh339\"> </a></td><td>Ichchilampathai MOH</td></tr><tr><td style=\"white-space:nowrap\">moh340<a name=\"lk-core-moh-area-cs-moh340\"> </a></td><td>Kantalai MOH</td></tr><tr><td style=\"white-space:nowrap\">moh341<a name=\"lk-core-moh-area-cs-moh341\"> </a></td><td>Kinniya MOH</td></tr><tr><td style=\"white-space:nowrap\">moh342<a name=\"lk-core-moh-area-cs-moh342\"> </a></td><td>Kuchchavelly MOH</td></tr><tr><td style=\"white-space:nowrap\">moh343<a name=\"lk-core-moh-area-cs-moh343\"> </a></td><td>Muthur MOH</td></tr><tr><td style=\"white-space:nowrap\">moh344<a name=\"lk-core-moh-area-cs-moh344\"> </a></td><td>Padavisripura MOH</td></tr><tr><td style=\"white-space:nowrap\">moh345<a name=\"lk-core-moh-area-cs-moh345\"> </a></td><td>Seruwila MOH</td></tr><tr><td style=\"white-space:nowrap\">moh346<a name=\"lk-core-moh-area-cs-moh346\"> </a></td><td>Thampalakamam MOH</td></tr><tr><td style=\"white-space:nowrap\">moh347<a name=\"lk-core-moh-area-cs-moh347\"> </a></td><td>Trincomalee MOH</td></tr><tr><td style=\"white-space:nowrap\">moh348<a name=\"lk-core-moh-area-cs-moh348\"> </a></td><td>Uppuveli MOH</td></tr><tr><td style=\"white-space:nowrap\">moh349<a name=\"lk-core-moh-area-cs-moh349\"> </a></td><td>Cheddikulam MOH</td></tr><tr><td style=\"white-space:nowrap\">moh350<a name=\"lk-core-moh-area-cs-moh350\"> </a></td><td>Vavuniya MOH</td></tr><tr><td style=\"white-space:nowrap\">moh351<a name=\"lk-core-moh-area-cs-moh351\"> </a></td><td>Vavuniya North MOH</td></tr><tr><td style=\"white-space:nowrap\">moh352<a name=\"lk-core-moh-area-cs-moh352\"> </a></td><td>Vavuniya South MOH</td></tr></table></div>"
  },
  "url" : "http://fhir.health.gov.lk/CodeSystem/lk-core-moh-area-cs",
  "version" : "0.1.0",
  "name" : "LKCoreMOHAreaCS",
  "title" : "LK Core MOH Area Code System",
  "status" : "draft",
  "date" : "2023-07-19T00:18:27+05:30",
  "description" : "LK Core MOH Area Code System",
  "content" : "complete",
  "count" : 352,
  "concept" : [{
    "code" : "moh001",
    "display" : "Beruwala MOH"
  },
  {
    "code" : "moh002",
    "display" : "Kalutara MOH"
  },
  {
    "code" : "moh003",
    "display" : "Galenbindunuwewa MOH"
  },
  {
    "code" : "moh004",
    "display" : "Galkiriyagama (Palagala) MOH"
  },
  {
    "code" : "moh005",
    "display" : "Galnewa MOH"
  },
  {
    "code" : "moh006",
    "display" : "Horowpothana MOH"
  },
  {
    "code" : "moh007",
    "display" : "Ipalogama MOH"
  },
  {
    "code" : "moh008",
    "display" : "Kahatagasdigiliya MOH"
  },
  {
    "code" : "moh009",
    "display" : "Kebithigollewa MOH"
  },
  {
    "code" : "moh010",
    "display" : "Kekirawa MOH"
  },
  {
    "code" : "moh011",
    "display" : "Medawachchiya MOH"
  },
  {
    "code" : "moh012",
    "display" : "Mihinthale MOH"
  },
  {
    "code" : "moh013",
    "display" : "Nachchiyadoowa MOH"
  },
  {
    "code" : "moh014",
    "display" : "Nochchiyagama MOH"
  },
  {
    "code" : "moh015",
    "display" : "Nuwaragam Palatha Central MOH"
  },
  {
    "code" : "moh016",
    "display" : "Nuwaragam Palatha East MOH"
  },
  {
    "code" : "moh017",
    "display" : "Padaviya MOH"
  },
  {
    "code" : "moh018",
    "display" : "Palugaswewa MOH"
  },
  {
    "code" : "moh019",
    "display" : "Rajanganaya MOH"
  },
  {
    "code" : "moh020",
    "display" : "Rambewa MOH"
  },
  {
    "code" : "moh021",
    "display" : "Thalawa MOH"
  },
  {
    "code" : "moh022",
    "display" : "Thambuttegama MOH"
  },
  {
    "code" : "moh023",
    "display" : "Thirappane MOH"
  },
  {
    "code" : "moh024",
    "display" : "Wilachchiya MOH"
  },
  {
    "code" : "moh025",
    "display" : "Ampara MOH"
  },
  {
    "code" : "moh026",
    "display" : "Damana MOH"
  },
  {
    "code" : "moh027",
    "display" : "Dehiattakandiya MOH"
  },
  {
    "code" : "moh028",
    "display" : "Lahugala MOH"
  },
  {
    "code" : "moh029",
    "display" : "Maha Oya MOH"
  },
  {
    "code" : "moh030",
    "display" : "Padiyatalawa MOH"
  },
  {
    "code" : "moh031",
    "display" : "Uhana MOH"
  },
  {
    "code" : "moh032",
    "display" : "Arayampathy MOH"
  },
  {
    "code" : "moh033",
    "display" : "Batticoloa MOH"
  },
  {
    "code" : "moh034",
    "display" : "Chenkalady MOH"
  },
  {
    "code" : "moh035",
    "display" : "Eravur MOH"
  },
  {
    "code" : "moh036",
    "display" : "Kalawanchikudy MOH"
  },
  {
    "code" : "moh037",
    "display" : "Katankudy MOH"
  },
  {
    "code" : "moh038",
    "display" : "Kiran MOH"
  },
  {
    "code" : "moh039",
    "display" : "Koralaipattu Central MOH"
  },
  {
    "code" : "moh040",
    "display" : "Oddamavadi MOH"
  },
  {
    "code" : "moh041",
    "display" : "Paddipallai MOH"
  },
  {
    "code" : "moh042",
    "display" : "Vakarai MOH"
  },
  {
    "code" : "moh043",
    "display" : "Valaichcheni MOH"
  },
  {
    "code" : "moh044",
    "display" : "Vavunativu MOH"
  },
  {
    "code" : "moh045",
    "display" : "Vellavelly MOH"
  },
  {
    "code" : "moh046",
    "display" : "Badulla MOH"
  },
  {
    "code" : "moh047",
    "display" : "Bandarawela MOH"
  },
  {
    "code" : "moh048",
    "display" : "Ella MOH"
  },
  {
    "code" : "moh049",
    "display" : "Girandurukotte MOH"
  },
  {
    "code" : "moh050",
    "display" : "Haldummulla MOH"
  },
  {
    "code" : "moh051",
    "display" : "Hali-Ela MOH"
  },
  {
    "code" : "moh052",
    "display" : "Haputale MOH"
  },
  {
    "code" : "moh053",
    "display" : "Kandaketiya MOH"
  },
  {
    "code" : "moh054",
    "display" : "Lunugala MOH"
  },
  {
    "code" : "moh055",
    "display" : "Mahiyanganaya MOH"
  },
  {
    "code" : "moh056",
    "display" : "Meegahakivula MOH"
  },
  {
    "code" : "moh057",
    "display" : "Passara MOH"
  },
  {
    "code" : "moh058",
    "display" : "Rideemaliyadda MOH"
  },
  {
    "code" : "moh059",
    "display" : "Soranathota MOH"
  },
  {
    "code" : "moh060",
    "display" : "Uva Paranagama MOH"
  },
  {
    "code" : "moh061",
    "display" : "Welimada MOH"
  },
  {
    "code" : "moh062",
    "display" : "Baththaramulla MOH"
  },
  {
    "code" : "moh063",
    "display" : "Boralesgamuwa MOH"
  },
  {
    "code" : "moh064",
    "display" : "Colombo MOH"
  },
  {
    "code" : "moh065",
    "display" : "Dehiwala MOH"
  },
  {
    "code" : "moh066",
    "display" : "Hanwella MOH"
  },
  {
    "code" : "moh067",
    "display" : "Homagama MOH"
  },
  {
    "code" : "moh068",
    "display" : "Kaduwela MOH"
  },
  {
    "code" : "moh069",
    "display" : "Kahathuduwa MOH"
  },
  {
    "code" : "moh070",
    "display" : "Kolonnawa MOH"
  },
  {
    "code" : "moh071",
    "display" : "Maharagama MOH"
  },
  {
    "code" : "moh072",
    "display" : "Moratuwa MOH"
  },
  {
    "code" : "moh073",
    "display" : "Nugegoda MOH"
  },
  {
    "code" : "moh074",
    "display" : "Padukka MOH"
  },
  {
    "code" : "moh075",
    "display" : "Piliyandala (Kesbewa) MOH"
  },
  {
    "code" : "moh076",
    "display" : "Pitakotte (Kotte) MOH"
  },
  {
    "code" : "moh077",
    "display" : "Rathmalana MOH"
  },
  {
    "code" : "moh078",
    "display" : "Akmeemana MOH"
  },
  {
    "code" : "moh079",
    "display" : "Ambalangoda MOH"
  },
  {
    "code" : "moh080",
    "display" : "Baddegama MOH"
  },
  {
    "code" : "moh081",
    "display" : "Balapitiya MOH"
  },
  {
    "code" : "moh082",
    "display" : "Bentota (Induruwa) MOH"
  },
  {
    "code" : "moh083",
    "display" : "Bope - Poddala MOH"
  },
  {
    "code" : "moh084",
    "display" : "Elpitiya MOH"
  },
  {
    "code" : "moh085",
    "display" : "Galle MC MOH"
  },
  {
    "code" : "moh086",
    "display" : "Gonapinuwala MOH"
  },
  {
    "code" : "moh087",
    "display" : "Habaraduwa MOH"
  },
  {
    "code" : "moh088",
    "display" : "Hikkaduwa MOH"
  },
  {
    "code" : "moh089",
    "display" : "Imaduwa MOH"
  },
  {
    "code" : "moh090",
    "display" : "Karandeniya MOH"
  },
  {
    "code" : "moh091",
    "display" : "Nagoda (Udugama) MOH"
  },
  {
    "code" : "moh092",
    "display" : "Neluwa MOH"
  },
  {
    "code" : "moh093",
    "display" : "Niyagama MOH"
  },
  {
    "code" : "moh094",
    "display" : "Rathganga MOH"
  },
  {
    "code" : "moh095",
    "display" : "Thawalama MOH"
  },
  {
    "code" : "moh096",
    "display" : "Walivitiya (Divithura) MOH"
  },
  {
    "code" : "moh097",
    "display" : "Yakkalamulla MOH"
  },
  {
    "code" : "moh098",
    "display" : "Attanagalla MOH"
  },
  {
    "code" : "moh099",
    "display" : "Biyagama MOH"
  },
  {
    "code" : "moh100",
    "display" : "Divulapitiya MOH"
  },
  {
    "code" : "moh101",
    "display" : "Gampaha MOH"
  },
  {
    "code" : "moh102",
    "display" : "Ja-Ela MOH"
  },
  {
    "code" : "moh103",
    "display" : "Katana MOH"
  },
  {
    "code" : "moh104",
    "display" : "Katunayake (BOI) MOH"
  },
  {
    "code" : "moh105",
    "display" : "Kelaniya MOH"
  },
  {
    "code" : "moh106",
    "display" : "Mahara MOH"
  },
  {
    "code" : "moh107",
    "display" : "Minuwangoda MOH"
  },
  {
    "code" : "moh108",
    "display" : "Mirigama MOH"
  },
  {
    "code" : "moh109",
    "display" : "Negombo MOH"
  },
  {
    "code" : "moh110",
    "display" : "Pugoda (Dompe) MOH"
  },
  {
    "code" : "moh111",
    "display" : "Ragama MOH"
  },
  {
    "code" : "moh112",
    "display" : "Seeduwa MOH"
  },
  {
    "code" : "moh113",
    "display" : "Wattala MOH"
  },
  {
    "code" : "moh114",
    "display" : "Ambalanthota MOH"
  },
  {
    "code" : "moh115",
    "display" : "Angunakolapelessa MOH"
  },
  {
    "code" : "moh116",
    "display" : "Beliatta MOH"
  },
  {
    "code" : "moh117",
    "display" : "Hambantota MOH"
  },
  {
    "code" : "moh118",
    "display" : "Katuwana MOH"
  },
  {
    "code" : "moh119",
    "display" : "Lunugamvehera MOH"
  },
  {
    "code" : "moh120",
    "display" : "Okewela MOH"
  },
  {
    "code" : "moh121",
    "display" : "Sooriyawewa MOH"
  },
  {
    "code" : "moh122",
    "display" : "Tangalle MOH"
  },
  {
    "code" : "moh123",
    "display" : "Thissamaharama MOH"
  },
  {
    "code" : "moh124",
    "display" : "Walasmulla MOH"
  },
  {
    "code" : "moh125",
    "display" : "Weeraketiya MOH"
  },
  {
    "code" : "moh126",
    "display" : "Ampan (Point Pedro) MOH"
  },
  {
    "code" : "moh127",
    "display" : "Chankanai - Walikamam West MOH"
  },
  {
    "code" : "moh128",
    "display" : "Chavakachchari MOH"
  },
  {
    "code" : "moh129",
    "display" : "Jaffna MOH"
  },
  {
    "code" : "moh130",
    "display" : "Karaveddy MOH"
  },
  {
    "code" : "moh131",
    "display" : "Kayts MOH"
  },
  {
    "code" : "moh132",
    "display" : "Kopay MOH"
  },
  {
    "code" : "moh133",
    "display" : "Nallur MOH"
  },
  {
    "code" : "moh134",
    "display" : "Sandilipay MOH"
  },
  {
    "code" : "moh135",
    "display" : "Telippalai MOH"
  },
  {
    "code" : "moh136",
    "display" : "Uduvil MOH"
  },
  {
    "code" : "moh137",
    "display" : "Velanai (Island South) MOH"
  },
  {
    "code" : "moh138",
    "display" : "Aranayaka MOH"
  },
  {
    "code" : "moh139",
    "display" : "Bulathkohupitiya MOH"
  },
  {
    "code" : "moh140",
    "display" : "Dehiovita MOH"
  },
  {
    "code" : "moh141",
    "display" : "Deraniyagala MOH"
  },
  {
    "code" : "moh142",
    "display" : "Galigamuwa MOH"
  },
  {
    "code" : "moh143",
    "display" : "Kegalle MOH"
  },
  {
    "code" : "moh144",
    "display" : "Mawanella MOH"
  },
  {
    "code" : "moh145",
    "display" : "Rambukkana MOH"
  },
  {
    "code" : "moh146",
    "display" : "Ruwanwella MOH"
  },
  {
    "code" : "moh147",
    "display" : "Warakapola MOH"
  },
  {
    "code" : "moh148",
    "display" : "Yatiyanthota MOH"
  },
  {
    "code" : "moh149",
    "display" : "Alawwa MOH"
  },
  {
    "code" : "moh150",
    "display" : "Ambanpola MOH"
  },
  {
    "code" : "moh151",
    "display" : "Bamunukotuwa MOH"
  },
  {
    "code" : "moh152",
    "display" : "Bingiriya MOH"
  },
  {
    "code" : "moh153",
    "display" : "Galgamuwa MOH"
  },
  {
    "code" : "moh154",
    "display" : "Ganewatta MOH"
  },
  {
    "code" : "moh155",
    "display" : "Giribawa MOH"
  },
  {
    "code" : "moh156",
    "display" : "Ibbagamuwa (Gokarella) MOH"
  },
  {
    "code" : "moh157",
    "display" : "Kobeigane MOH"
  },
  {
    "code" : "moh158",
    "display" : "Kotawehera MOH"
  },
  {
    "code" : "moh159",
    "display" : "Kuliyapitiya East MOH"
  },
  {
    "code" : "moh160",
    "display" : "Kuliyapitiya West MOH"
  },
  {
    "code" : "moh161",
    "display" : "Kurunegala MOH"
  },
  {
    "code" : "moh162",
    "display" : "Kurunegala MC MOH"
  },
  {
    "code" : "moh163",
    "display" : "Maho MOH"
  },
  {
    "code" : "moh164",
    "display" : "Mallawapitiya MOH"
  },
  {
    "code" : "moh165",
    "display" : "Maspotha MOH"
  },
  {
    "code" : "moh166",
    "display" : "Mawathagama MOH"
  },
  {
    "code" : "moh167",
    "display" : "Narammala MOH"
  },
  {
    "code" : "moh168",
    "display" : "Nikaweratiya MOH"
  },
  {
    "code" : "moh169",
    "display" : "Paduwasnuwara West MOH"
  },
  {
    "code" : "moh170",
    "display" : "Panduwasnuwara East MOH"
  },
  {
    "code" : "moh171",
    "display" : "Pannala MOH"
  },
  {
    "code" : "moh172",
    "display" : "Polgahawela MOH"
  },
  {
    "code" : "moh173",
    "display" : "Polpithigama MOH"
  },
  {
    "code" : "moh174",
    "display" : "Rasnayakapura MOH"
  },
  {
    "code" : "moh175",
    "display" : "Rideegama MOH"
  },
  {
    "code" : "moh176",
    "display" : "Udubaddawa MOH"
  },
  {
    "code" : "moh177",
    "display" : "Wariyapola MOH"
  },
  {
    "code" : "moh178",
    "display" : "Weerabugedara MOH"
  },
  {
    "code" : "moh179",
    "display" : "Addalachchenai MOH"
  },
  {
    "code" : "moh180",
    "display" : "Akkaraipathu MOH"
  },
  {
    "code" : "moh181",
    "display" : "Alayadivembu MOH"
  },
  {
    "code" : "moh182",
    "display" : "Irakkamam MOH"
  },
  {
    "code" : "moh183",
    "display" : "Kalmunai North MOH"
  },
  {
    "code" : "moh184",
    "display" : "Kalmunai South MOH"
  },
  {
    "code" : "moh185",
    "display" : "Karaitivu MOH"
  },
  {
    "code" : "moh186",
    "display" : "Navithanveli MOH"
  },
  {
    "code" : "moh187",
    "display" : "Ninthavur MOH"
  },
  {
    "code" : "moh188",
    "display" : "Pottuvil MOH"
  },
  {
    "code" : "moh189",
    "display" : "Sainthamaruthu MOH"
  },
  {
    "code" : "moh190",
    "display" : "Sammanthurai MOH"
  },
  {
    "code" : "moh191",
    "display" : "Thirukkovil MOH"
  },
  {
    "code" : "moh192",
    "display" : "Kandawalai MOH"
  },
  {
    "code" : "moh193",
    "display" : "Karachchi (Kilinochchci) MOH"
  },
  {
    "code" : "moh194",
    "display" : "Pallai MOH"
  },
  {
    "code" : "moh195",
    "display" : "Poonakery MOH"
  },
  {
    "code" : "moh196",
    "display" : "Agalawatta MOH"
  },
  {
    "code" : "moh197",
    "display" : "Bandaragama MOH"
  },
  {
    "code" : "moh198",
    "display" : "Bulathsinhala MOH"
  },
  {
    "code" : "moh199",
    "display" : "Dodangoda MOH"
  },
  {
    "code" : "moh200",
    "display" : "Horana MOH"
  },
  {
    "code" : "moh201",
    "display" : "Ingiriya MOH"
  },
  {
    "code" : "moh202",
    "display" : "Madurawala MOH"
  },
  {
    "code" : "moh203",
    "display" : "Mathugama MOH"
  },
  {
    "code" : "moh204",
    "display" : "Millaniya MOH"
  },
  {
    "code" : "moh205",
    "display" : "Palindanuwara MOH"
  },
  {
    "code" : "moh206",
    "display" : "Panadura MOH"
  },
  {
    "code" : "moh207",
    "display" : "Wadduwa MOH"
  },
  {
    "code" : "moh208",
    "display" : "Walallawita MOH"
  },
  {
    "code" : "moh209",
    "display" : "Akurana MOH"
  },
  {
    "code" : "moh210",
    "display" : "Bambaradeniya MOH"
  },
  {
    "code" : "moh211",
    "display" : "Doluwa MOH"
  },
  {
    "code" : "moh212",
    "display" : "Galagedara MOH"
  },
  {
    "code" : "moh213",
    "display" : "Galaha MOH"
  },
  {
    "code" : "moh214",
    "display" : "Gampola (Udapalatha) MOH"
  },
  {
    "code" : "moh215",
    "display" : "Gangawata Korale MOH"
  },
  {
    "code" : "moh216",
    "display" : "Hasalaka MOH"
  },
  {
    "code" : "moh217",
    "display" : "Hatharaliyadda MOH"
  },
  {
    "code" : "moh218",
    "display" : "Kandy MC MOH"
  },
  {
    "code" : "moh219",
    "display" : "Kundasale MOH"
  },
  {
    "code" : "moh220",
    "display" : "Kurunduwaththa (Gangaihala) MOH"
  },
  {
    "code" : "moh221",
    "display" : "Medadumbara (Medamahanuwara) MOH"
  },
  {
    "code" : "moh222",
    "display" : "Menikhinna MOH"
  },
  {
    "code" : "moh223",
    "display" : "Panvila MOH"
  },
  {
    "code" : "moh224",
    "display" : "Pasbage (Nawalapitiya) MOH"
  },
  {
    "code" : "moh225",
    "display" : "Poojapitiya MOH"
  },
  {
    "code" : "moh226",
    "display" : "Thalathuoya MOH"
  },
  {
    "code" : "moh227",
    "display" : "Udadumbara MOH"
  },
  {
    "code" : "moh228",
    "display" : "Udunuwara MOH"
  },
  {
    "code" : "moh229",
    "display" : "Waththegama (Pathadumbara) MOH"
  },
  {
    "code" : "moh230",
    "display" : "Werellagama (Harispattuwa) MOH"
  },
  {
    "code" : "moh231",
    "display" : "Yatinuwara (Kadugannawa) MOH"
  },
  {
    "code" : "moh232",
    "display" : "Badalkumbura MOH"
  },
  {
    "code" : "moh233",
    "display" : "Bibile MOH"
  },
  {
    "code" : "moh234",
    "display" : "Buttala MOH"
  },
  {
    "code" : "moh235",
    "display" : "Kataragama MOH"
  },
  {
    "code" : "moh236",
    "display" : "Madulla MOH"
  },
  {
    "code" : "moh237",
    "display" : "Medagama MOH"
  },
  {
    "code" : "moh238",
    "display" : "Moneragala MOH"
  },
  {
    "code" : "moh239",
    "display" : "Sevanagala MOH"
  },
  {
    "code" : "moh240",
    "display" : "Siyambalanduwa MOH"
  },
  {
    "code" : "moh241",
    "display" : "Thanamalwila MOH"
  },
  {
    "code" : "moh242",
    "display" : "Wellawaya MOH"
  },
  {
    "code" : "moh243",
    "display" : "Mallavi MOH"
  },
  {
    "code" : "moh244",
    "display" : "Manthai East MOH"
  },
  {
    "code" : "moh245",
    "display" : "Mullaitivu MOH"
  },
  {
    "code" : "moh246",
    "display" : "Oddusudan MOH"
  },
  {
    "code" : "moh247",
    "display" : "Puthukkudyiruppu MOH"
  },
  {
    "code" : "moh248",
    "display" : "Welioya MOH"
  },
  {
    "code" : "moh249",
    "display" : "Adampan MOH"
  },
  {
    "code" : "moh250",
    "display" : "Madhu MOH"
  },
  {
    "code" : "moh251",
    "display" : "Mannar MOH"
  },
  {
    "code" : "moh252",
    "display" : "Murunkan MOH"
  },
  {
    "code" : "moh253",
    "display" : "Musali MOH"
  },
  {
    "code" : "moh254",
    "display" : "Akuressa MOH"
  },
  {
    "code" : "moh255",
    "display" : "Athuraliya MOH"
  },
  {
    "code" : "moh256",
    "display" : "Deniyaya (Kotapola) MOH"
  },
  {
    "code" : "moh257",
    "display" : "Devinuwara MOH"
  },
  {
    "code" : "moh258",
    "display" : "Dickwella MOH"
  },
  {
    "code" : "moh259",
    "display" : "Hakmana MOH"
  },
  {
    "code" : "moh260",
    "display" : "Kamburupitiya MOH"
  },
  {
    "code" : "moh261",
    "display" : "Kirinda-Puhulwella MOH"
  },
  {
    "code" : "moh262",
    "display" : "Malimbada MOH"
  },
  {
    "code" : "moh263",
    "display" : "Matara MC MOH"
  },
  {
    "code" : "moh264",
    "display" : "Matara PS Kekanadura MOH"
  },
  {
    "code" : "moh265",
    "display" : "Morawaka MOH"
  },
  {
    "code" : "moh266",
    "display" : "Mulatiyana MOH"
  },
  {
    "code" : "moh267",
    "display" : "Pasgoda (Urubokka) MOH"
  },
  {
    "code" : "moh268",
    "display" : "Thihagoda MOH"
  },
  {
    "code" : "moh269",
    "display" : "Weligama MOH"
  },
  {
    "code" : "moh270",
    "display" : "Welipitiya MOH"
  },
  {
    "code" : "moh271",
    "display" : "Ambanganga Korale MOH"
  },
  {
    "code" : "moh272",
    "display" : "Dambulla MOH"
  },
  {
    "code" : "moh273",
    "display" : "Dambulla MC MOH"
  },
  {
    "code" : "moh274",
    "display" : "Galewela MOH"
  },
  {
    "code" : "moh275",
    "display" : "Laggala-Pallegama MOH"
  },
  {
    "code" : "moh276",
    "display" : "Matale MOH"
  },
  {
    "code" : "moh277",
    "display" : "Matale MC MOH"
  },
  {
    "code" : "moh278",
    "display" : "Naula MOH"
  },
  {
    "code" : "moh279",
    "display" : "Pallepola MOH"
  },
  {
    "code" : "moh280",
    "display" : "Rattota MOH"
  },
  {
    "code" : "moh281",
    "display" : "Ukuwela MOH"
  },
  {
    "code" : "moh282",
    "display" : "Wilgamuwa MOH"
  },
  {
    "code" : "moh283",
    "display" : "Yatawatta MOH"
  },
  {
    "code" : "moh284",
    "display" : "Ambagamuwa (Ginigathhena) MOH"
  },
  {
    "code" : "moh285",
    "display" : "Bogawanthalawa MOH"
  },
  {
    "code" : "moh286",
    "display" : "Kotagala MOH"
  },
  {
    "code" : "moh287",
    "display" : "Kothmale MOH"
  },
  {
    "code" : "moh288",
    "display" : "Lidula (Thalawakale) MOH"
  },
  {
    "code" : "moh289",
    "display" : "Maskeliya MOH"
  },
  {
    "code" : "moh290",
    "display" : "Maturata MOH"
  },
  {
    "code" : "moh291",
    "display" : "Nawathispane MOH"
  },
  {
    "code" : "moh292",
    "display" : "Nuwara Eliya MOH"
  },
  {
    "code" : "moh293",
    "display" : "Nuwara Eliya MC MOH"
  },
  {
    "code" : "moh294",
    "display" : "Ragala MOH"
  },
  {
    "code" : "moh295",
    "display" : "Rikillagaskada (Hanguranketha) MOH"
  },
  {
    "code" : "moh296",
    "display" : "Walapane MOH"
  },
  {
    "code" : "moh297",
    "display" : "Bakamuna (Elahera) MOH"
  },
  {
    "code" : "moh298",
    "display" : "Dimbulagala MOH"
  },
  {
    "code" : "moh299",
    "display" : "Hingurakgoda MOH"
  },
  {
    "code" : "moh300",
    "display" : "Lankapura MOH"
  },
  {
    "code" : "moh301",
    "display" : "Medirigiriya MOH"
  },
  {
    "code" : "moh302",
    "display" : "Siripura MOH"
  },
  {
    "code" : "moh303",
    "display" : "Thamankaduwa MOH"
  },
  {
    "code" : "moh304",
    "display" : "Welikanda MOH"
  },
  {
    "code" : "moh305",
    "display" : "Anamaduwa MOH"
  },
  {
    "code" : "moh306",
    "display" : "Arachchikattuwa MOH"
  },
  {
    "code" : "moh307",
    "display" : "Chilaw MOH"
  },
  {
    "code" : "moh308",
    "display" : "Dankotuwa MOH"
  },
  {
    "code" : "moh309",
    "display" : "Kalpitiya MOH"
  },
  {
    "code" : "moh310",
    "display" : "Karuwalagaswewa MOH"
  },
  {
    "code" : "moh311",
    "display" : "Madampe MOH"
  },
  {
    "code" : "moh312",
    "display" : "Mahawewa MOH"
  },
  {
    "code" : "moh313",
    "display" : "Mundalama MOH"
  },
  {
    "code" : "moh314",
    "display" : "Nattandiya MOH"
  },
  {
    "code" : "moh315",
    "display" : "Nawagarththegama MOH"
  },
  {
    "code" : "moh316",
    "display" : "Pallama MOH"
  },
  {
    "code" : "moh317",
    "display" : "Puttalam MOH"
  },
  {
    "code" : "moh318",
    "display" : "Wanathawilluwa MOH"
  },
  {
    "code" : "moh319",
    "display" : "Wennappuwa MOH"
  },
  {
    "code" : "moh320",
    "display" : "Ayagama MOH"
  },
  {
    "code" : "moh321",
    "display" : "Balangoda MOH"
  },
  {
    "code" : "moh322",
    "display" : "Eheliyagoda MOH"
  },
  {
    "code" : "moh323",
    "display" : "Elapatha MOH"
  },
  {
    "code" : "moh324",
    "display" : "Embilipitiya MOH"
  },
  {
    "code" : "moh325",
    "display" : "Godakawela MOH"
  },
  {
    "code" : "moh326",
    "display" : "Imbulpe MOH"
  },
  {
    "code" : "moh327",
    "display" : "Kahawatta MOH"
  },
  {
    "code" : "moh328",
    "display" : "Kalawana MOH"
  },
  {
    "code" : "moh329",
    "display" : "Kiriella MOH"
  },
  {
    "code" : "moh330",
    "display" : "Kolonna MOH"
  },
  {
    "code" : "moh331",
    "display" : "Kuruvita MOH"
  },
  {
    "code" : "moh332",
    "display" : "Nivithigala MOH"
  },
  {
    "code" : "moh333",
    "display" : "Openayaka MOH"
  },
  {
    "code" : "moh334",
    "display" : "Pelmadulla MOH"
  },
  {
    "code" : "moh335",
    "display" : "Rathnapura MC MOH"
  },
  {
    "code" : "moh336",
    "display" : "Ratnapura MOH"
  },
  {
    "code" : "moh337",
    "display" : "Weligepola MOH"
  },
  {
    "code" : "moh338",
    "display" : "Gomarankadavala MOH"
  },
  {
    "code" : "moh339",
    "display" : "Ichchilampathai MOH"
  },
  {
    "code" : "moh340",
    "display" : "Kantalai MOH"
  },
  {
    "code" : "moh341",
    "display" : "Kinniya MOH"
  },
  {
    "code" : "moh342",
    "display" : "Kuchchavelly MOH"
  },
  {
    "code" : "moh343",
    "display" : "Muthur MOH"
  },
  {
    "code" : "moh344",
    "display" : "Padavisripura MOH"
  },
  {
    "code" : "moh345",
    "display" : "Seruwila MOH"
  },
  {
    "code" : "moh346",
    "display" : "Thampalakamam MOH"
  },
  {
    "code" : "moh347",
    "display" : "Trincomalee MOH"
  },
  {
    "code" : "moh348",
    "display" : "Uppuveli MOH"
  },
  {
    "code" : "moh349",
    "display" : "Cheddikulam MOH"
  },
  {
    "code" : "moh350",
    "display" : "Vavuniya MOH"
  },
  {
    "code" : "moh351",
    "display" : "Vavuniya North MOH"
  },
  {
    "code" : "moh352",
    "display" : "Vavuniya South MOH"
  }]
}