{
  "resourceType" : "CodeSystem",
  "id" : "lk-core-allergyintolerance-code-cs",
  "text" : {
    "status" : "generated",
    "div" : "<div xmlns=\"http://www.w3.org/1999/xhtml\">Placeholder</div>"
  },
  "url" : "http://fhir.health.gov.lk/CodeSystem/allergy-intolerance-code-cs",
  "version" : "0.1.0",
  "name" : "LKCoreAllergyIntoleranceCodeCS",
  "title" : "LK Core Allergy Intolerance Code System",
  "status" : "draft",
  "date" : "2023-09-05T15:30:49+05:30",
  "description" : "Substances, medciations and other allergens for Sri Lanka",
  "content" : "complete",
  "count" : 1,
  "concept" : [{
    "code" : "Sub-1",
    "display" : "Example substance",
    "definition" : "Level 1 is the bottom level, below the lower edge of the pectoralis minor muscle."
  }]
}