{
  "resourceType" : "CodeSystem",
  "id" : "lk-core-institution-type-cs",
  "text" : {
    "status" : "generated",
    "div" : "<div xmlns=\"http://www.w3.org/1999/xhtml\">Placeholder</div>"
  },
  "url" : "http://fhir.health.gov.lk/CodeSystem/lk-core-institution-type-cs",
  "version" : "0.1.0",
  "name" : "LKCoreInstitutionTypeCS",
  "title" : "LK Core Institution Type Code System",
  "status" : "draft",
  "date" : "2023-09-05T15:30:49+05:30",
  "description" : "LK Core Institution Type Code System",
  "content" : "complete",
  "count" : 44,
  "concept" : [{
    "code" : "IT01",
    "display" : "Teaching"
  },
  {
    "code" : "IT02",
    "display" : "NTS"
  },
  {
    "code" : "IT03",
    "display" : "District General"
  },
  {
    "code" : "IT04",
    "display" : "Provincial General"
  },
  {
    "code" : "IT05",
    "display" : "Medical Supplies"
  },
  {
    "code" : "IT06",
    "display" : "Base A"
  },
  {
    "code" : "IT07",
    "display" : "Base B"
  },
  {
    "code" : "IT08",
    "display" : "Nephrology"
  },
  {
    "code" : "IT09",
    "display" : "Prison"
  },
  {
    "code" : "IT10",
    "display" : "Engineering"
  },
  {
    "code" : "IT11",
    "display" : "Food and Nutrition"
  },
  {
    "code" : "IT12",
    "display" : "Head Office"
  },
  {
    "code" : "IT13",
    "display" : "Mental"
  },
  {
    "code" : "IT14",
    "display" : "Other"
  },
  {
    "code" : "IT15",
    "display" : "Port"
  },
  {
    "code" : "IT16",
    "display" : "Dental"
  },
  {
    "code" : "IT17",
    "display" : "Anti Filariasis"
  },
  {
    "code" : "IT18",
    "display" : "Anti Leprosy"
  },
  {
    "code" : "IT19",
    "display" : "Anti Malaria"
  },
  {
    "code" : "IT20",
    "display" : "Cancer Control"
  },
  {
    "code" : "IT21",
    "display" : "Dengue Control"
  },
  {
    "code" : "IT22",
    "display" : "Epidemiology"
  },
  {
    "code" : "IT23",
    "display" : "Family Health"
  },
  {
    "code" : "IT24",
    "display" : "NPTCCD"
  },
  {
    "code" : "IT25",
    "display" : "STD/AIDS Control"
  },
  {
    "code" : "IT26",
    "display" : "Training"
  },
  {
    "code" : "IT27",
    "display" : "Divisional A"
  },
  {
    "code" : "IT28",
    "display" : "Divisional B"
  },
  {
    "code" : "IT29",
    "display" : "PMCU"
  },
  {
    "code" : "IT30",
    "display" : "Divisional C"
  },
  {
    "code" : "IT31",
    "display" : "MOH"
  },
  {
    "code" : "IT32",
    "display" : "Laboratory"
  },
  {
    "code" : "IT33",
    "display" : "MLTT"
  },
  {
    "code" : "IT34",
    "display" : "NIHS"
  },
  {
    "code" : "IT35",
    "display" : "Faculty of Medicine"
  },
  {
    "code" : "IT36",
    "display" : "Other"
  },
  {
    "code" : "IT37",
    "display" : "PDHS"
  },
  {
    "code" : "IT38",
    "display" : "Provincial Ministry"
  },
  {
    "code" : "IT39",
    "display" : "RDHS"
  },
  {
    "code" : "IT40",
    "display" : "ADC"
  },
  {
    "code" : "IT41",
    "display" : "Leprosy"
  },
  {
    "code" : "IT42",
    "display" : "CDC"
  },
  {
    "code" : "IT43",
    "display" : "RTC"
  },
  {
    "code" : "IT44",
    "display" : "Rehabilitation"
  }]
}