<?xml version="1.0" encoding="UTF-8"?>

<CodeSystem xmlns="http://hl7.org/fhir">
  <id value="lk-core-qualifications-cs"/>
  <text>
    <status value="generated"/><div xmlns="http://www.w3.org/1999/xhtml"><p>This code system <code>http://fhir.health.gov.lk/CodeSystem/lk-core-qualifications-cs</code> defines the following codes:</p><table class="codes"><tr><td style="white-space:nowrap"><b>Code</b></td><td><b>Display</b></td></tr><tr><td style="white-space:nowrap">1<a name="lk-core-qualifications-cs-1"> </a></td><td>Certificate (GCE O/L or equivalent)</td></tr><tr><td style="white-space:nowrap">2<a name="lk-core-qualifications-cs-2"> </a></td><td>Advanced Certificate (GCE A/L or equivalent)</td></tr><tr><td style="white-space:nowrap">3<a name="lk-core-qualifications-cs-3"> </a></td><td>Diploma</td></tr><tr><td style="white-space:nowrap">4<a name="lk-core-qualifications-cs-4"> </a></td><td>Higher Diploma</td></tr><tr><td style="white-space:nowrap">5<a name="lk-core-qualifications-cs-5"> </a></td><td>Bachelors</td></tr><tr><td style="white-space:nowrap">6<a name="lk-core-qualifications-cs-6"> </a></td><td>Bachelors Honours</td></tr><tr><td style="white-space:nowrap">7<a name="lk-core-qualifications-cs-7"> </a></td><td>Postgraduate Certificate Certificate</td></tr><tr><td style="white-space:nowrap">8<a name="lk-core-qualifications-cs-8"> </a></td><td>Postgraduate Diploma</td></tr><tr><td style="white-space:nowrap">9<a name="lk-core-qualifications-cs-9"> </a></td><td>Masters by course work work</td></tr><tr><td style="white-space:nowrap">10<a name="lk-core-qualifications-cs-10"> </a></td><td>Masters with course work and a research component</td></tr><tr><td style="white-space:nowrap">11<a name="lk-core-qualifications-cs-11"> </a></td><td>Master of Philosophy</td></tr><tr><td style="white-space:nowrap">12<a name="lk-core-qualifications-cs-12"> </a></td><td>Doctor of Philosophy / MD with Board Certification/Doctor of Letters/Doctor of Science</td></tr></table></div>
  </text>
  <url value="http://fhir.health.gov.lk/CodeSystem/lk-core-qualifications-cs"/>
  <version value="0.1.0"/>
  <name value="LKCoreQualificationsCS"/>
  <title value="LK Core Qualifications Code System"/>
  <status value="draft"/>
  <date value="2023-08-14T13:12:37+05:30"/>
  <description value="Codesystem for Academic Qualifications"/>
  <content value="complete"/>
  <count value="12"/>
  <concept>
    <code value="1"/>
    <display value="Certificate (GCE O/L or equivalent)"/>
  </concept>
  <concept>
    <code value="2"/>
    <display value="Advanced Certificate (GCE A/L or equivalent)"/>
  </concept>
  <concept>
    <code value="3"/>
    <display value="Diploma"/>
  </concept>
  <concept>
    <code value="4"/>
    <display value="Higher Diploma"/>
  </concept>
  <concept>
    <code value="5"/>
    <display value="Bachelors"/>
  </concept>
  <concept>
    <code value="6"/>
    <display value="Bachelors Honours"/>
  </concept>
  <concept>
    <code value="7"/>
    <display value="Postgraduate Certificate Certificate"/>
  </concept>
  <concept>
    <code value="8"/>
    <display value="Postgraduate Diploma"/>
  </concept>
  <concept>
    <code value="9"/>
    <display value="Masters by course work work"/>
  </concept>
  <concept>
    <code value="10"/>
    <display value="Masters with course work and a research component"/>
  </concept>
  <concept>
    <code value="11"/>
    <display value="Master of Philosophy"/>
  </concept>
  <concept>
    <code value="12"/>
    <display value="Doctor of Philosophy / MD with Board Certification/Doctor of Letters/Doctor of Science"/>
  </concept>
</CodeSystem>