<?xml version="1.0" encoding="UTF-8"?>

<CodeSystem xmlns="http://hl7.org/fhir">
  <id value="lk-core-postalcodes-cs"/>
  <text>
    <status value="generated"/><div xmlns="http://www.w3.org/1999/xhtml">Placeholder</div>
  </text>
  <url value="http://fhir.health.gov.lk/CodeSystem/lk-core-postalcodes-cs"/>
  <version value="0.1.0"/>
  <name value="LKCorePostalCodesCS"/>
  <title value="LK Core Postalcodes Code System"/>
  <status value="draft"/>
  <date value="2023-09-05T15:30:49+05:30"/>
  <description value="LK Core Postalcodes Code System"/>
  <content value="complete"/>
  <count value="226"/>
  <concept>
    <code value="100"/>
    <display value="Colombo 02-Colombo"/>
  </concept>
  <concept>
    <code value="200"/>
    <display value="Colombo 03-Colombo"/>
  </concept>
  <concept>
    <code value="300"/>
    <display value="Colombo 04-Colombo"/>
  </concept>
  <concept>
    <code value="400"/>
    <display value="Colombo 05-Colombo"/>
  </concept>
  <concept>
    <code value="500"/>
    <display value="Colombo 06-Colombo"/>
  </concept>
  <concept>
    <code value="600"/>
    <display value="Colombo 07-Colombo"/>
  </concept>
  <concept>
    <code value="700"/>
    <display value="Colombo 08-Colombo"/>
  </concept>
  <concept>
    <code value="800"/>
    <display value="Colombo 09-Colombo"/>
  </concept>
  <concept>
    <code value="900"/>
    <display value="Colombo 10-Colombo"/>
  </concept>
  <concept>
    <code value="1000"/>
    <display value="Colombo 11-Colombo"/>
  </concept>
  <concept>
    <code value="1100"/>
    <display value="Colombo 12-Colombo"/>
  </concept>
  <concept>
    <code value="1200"/>
    <display value="Colombo 13-Colombo"/>
  </concept>
  <concept>
    <code value="1300"/>
    <display value="Colombo 14-Colombo"/>
  </concept>
  <concept>
    <code value="1400"/>
    <display value="Colombo 15-Colombo"/>
  </concept>
  <concept>
    <code value="1500"/>
    <display value="Akarawita-Colombo"/>
  </concept>
  <concept>
    <code value="10732"/>
    <display value="Athurugiriya-Colombo"/>
  </concept>
  <concept>
    <code value="10150"/>
    <display value="Avissawella-Colombo"/>
  </concept>
  <concept>
    <code value="10700"/>
    <display value="Batawala-Colombo"/>
  </concept>
  <concept>
    <code value="10513"/>
    <display value="Battaramulla-Colombo"/>
  </concept>
  <concept>
    <code value="10120"/>
    <display value="Batugampola-Colombo"/>
  </concept>
  <concept>
    <code value="10526"/>
    <display value="Bope-Colombo"/>
  </concept>
  <concept>
    <code value="10522"/>
    <display value="Boralesgamuwa-Colombo"/>
  </concept>
  <concept>
    <code value="10290"/>
    <display value="Dedigamuwa-Colombo"/>
  </concept>
  <concept>
    <code value="10656"/>
    <display value="Dehiwala-Colombo"/>
  </concept>
  <concept>
    <code value="10350"/>
    <display value="Deltara-Colombo"/>
  </concept>
  <concept>
    <code value="10302"/>
    <display value="Habarakada-Colombo"/>
  </concept>
  <concept>
    <code value="10204"/>
    <display value="Handapangoda-Colombo"/>
  </concept>
  <concept>
    <code value="10524"/>
    <display value="Hanwella-Colombo"/>
  </concept>
  <concept>
    <code value="10650"/>
    <display value="Hewainna-Colombo"/>
  </concept>
  <concept>
    <code value="10714"/>
    <display value="Hiripitya-Colombo"/>
  </concept>
  <concept>
    <code value="10232"/>
    <display value="Hokandara-Colombo"/>
  </concept>
  <concept>
    <code value="10118"/>
    <display value="Homagama-Colombo"/>
  </concept>
  <concept>
    <code value="10200"/>
    <display value="Horagala-Colombo"/>
  </concept>
  <concept>
    <code value="10502"/>
    <display value="Kaduwela-Colombo"/>
  </concept>
  <concept>
    <code value="10640"/>
    <display value="Kahawala-Colombo"/>
  </concept>
  <concept>
    <code value="10508"/>
    <display value="Kalatuwawa-Colombo"/>
  </concept>
  <concept>
    <code value="10718"/>
    <display value="Kiriwattuduwa-Colombo"/>
  </concept>
  <concept>
    <code value="10208"/>
    <display value="Kolonnawa-Colombo"/>
  </concept>
  <concept>
    <code value="10600"/>
    <display value="Kosgama-Colombo"/>
  </concept>
  <concept>
    <code value="10730"/>
    <display value="Madapatha-Colombo"/>
  </concept>
  <concept>
    <code value="10306"/>
    <display value="Maharagama-Colombo"/>
  </concept>
  <concept>
    <code value="10280"/>
    <display value="Malabe-Colombo"/>
  </concept>
  <concept>
    <code value="10115"/>
    <display value="Meegoda-Colombo"/>
  </concept>
  <concept>
    <code value="10504"/>
    <display value="Moratuwa-Colombo"/>
  </concept>
  <concept>
    <code value="10400"/>
    <display value="Mount Lavinia-Colombo"/>
  </concept>
  <concept>
    <code value="10370"/>
    <display value="Mullegama-Colombo"/>
  </concept>
  <concept>
    <code value="10202"/>
    <display value="Mulleriyawa New Town-Colombo"/>
  </concept>
  <concept>
    <code value="10620"/>
    <display value="Mutwal-Colombo"/>
  </concept>
  <concept>
    <code value="10704"/>
    <display value="Nugegoda-Colombo"/>
  </concept>
  <concept>
    <code value="10250"/>
    <display value="Padukka-Colombo"/>
  </concept>
  <concept>
    <code value="10500"/>
    <display value="Pannipitiya-Colombo"/>
  </concept>
  <concept>
    <code value="10230"/>
    <display value="Piliyandala-Colombo"/>
  </concept>
  <concept>
    <code value="10300"/>
    <display value="Pitipana Homagama-Colombo"/>
  </concept>
  <concept>
    <code value="10206"/>
    <display value="Polgasowita-Colombo"/>
  </concept>
  <concept>
    <code value="10320"/>
    <display value="Puwakpitiya-Colombo"/>
  </concept>
  <concept>
    <code value="10712"/>
    <display value="Ranala-Colombo"/>
  </concept>
  <concept>
    <code value="10654"/>
    <display value="Siddamulla-Colombo"/>
  </concept>
  <concept>
    <code value="10304"/>
    <display value="Sri Jayawardenepu-Colombo"/>
  </concept>
  <concept>
    <code value="10100"/>
    <display value="Talawatugoda-Colombo"/>
  </concept>
  <concept>
    <code value="10116"/>
    <display value="Tummodara-Colombo"/>
  </concept>
  <concept>
    <code value="10682"/>
    <display value="Waga-Colombo"/>
  </concept>
  <concept>
    <code value="10680"/>
    <display value="Watareka-Colombo"/>
  </concept>
  <concept>
    <code value="10511"/>
    <display value="Akurana-Kandy"/>
  </concept>
  <concept>
    <code value="20850"/>
    <display value="Alawatugoda-Kandy"/>
  </concept>
  <concept>
    <code value="20140"/>
    <display value="Aludeniya-Kandy"/>
  </concept>
  <concept>
    <code value="20062"/>
    <display value="Ambagahapelessa-Kandy"/>
  </concept>
  <concept>
    <code value="20986"/>
    <display value="Ambatenna-Kandy"/>
  </concept>
  <concept>
    <code value="20136"/>
    <display value="Ampitiya-Kandy"/>
  </concept>
  <concept>
    <code value="20160"/>
    <display value="Ankumbura-Kandy"/>
  </concept>
  <concept>
    <code value="20150"/>
    <display value="Atabage-Kandy"/>
  </concept>
  <concept>
    <code value="20574"/>
    <display value="Balana-Kandy"/>
  </concept>
  <concept>
    <code value="20308"/>
    <display value="Bambaragahaela-Kandy"/>
  </concept>
  <concept>
    <code value="20644"/>
    <display value="Barawardhana Oya-Kandy"/>
  </concept>
  <concept>
    <code value="20967"/>
    <display value="Batagolladeniya-Kandy"/>
  </concept>
  <concept>
    <code value="20154"/>
    <display value="Batugoda-Kandy"/>
  </concept>
  <concept>
    <code value="20132"/>
    <display value="Batumulla-Kandy"/>
  </concept>
  <concept>
    <code value="20966"/>
    <display value="Bawlana-Kandy"/>
  </concept>
  <concept>
    <code value="20218"/>
    <display value="Bopana-Kandy"/>
  </concept>
  <concept>
    <code value="20932"/>
    <display value="Danture-Kandy"/>
  </concept>
  <concept>
    <code value="20465"/>
    <display value="Dedunupitiya-Kandy"/>
  </concept>
  <concept>
    <code value="20068"/>
    <display value="Dekinda-Kandy"/>
  </concept>
  <concept>
    <code value="20658"/>
    <display value="Deltota-Kandy"/>
  </concept>
  <concept>
    <code value="20430"/>
    <display value="Dolapihilla-Kandy"/>
  </concept>
  <concept>
    <code value="20126"/>
    <display value="Dolosbage-Kandy"/>
  </concept>
  <concept>
    <code value="20510"/>
    <display value="Doluwa-Kandy"/>
  </concept>
  <concept>
    <code value="20532"/>
    <display value="Doragamuwa-Kandy"/>
  </concept>
  <concept>
    <code value="20816"/>
    <display value="Dunuwila-Kandy"/>
  </concept>
  <concept>
    <code value="20824"/>
    <display value="Ekiriya-Kandy"/>
  </concept>
  <concept>
    <code value="20732"/>
    <display value="Elamulla-Kandy"/>
  </concept>
  <concept>
    <code value="20742"/>
    <display value="Etulgama-Kandy"/>
  </concept>
  <concept>
    <code value="20202"/>
    <display value="Galaboda-Kandy"/>
  </concept>
  <concept>
    <code value="20664"/>
    <display value="Galagedara-Kandy"/>
  </concept>
  <concept>
    <code value="20100"/>
    <display value="Galaha-Kandy"/>
  </concept>
  <concept>
    <code value="20420"/>
    <display value="Galhinna-Kandy"/>
  </concept>
  <concept>
    <code value="20152"/>
    <display value="Gallellagama-Kandy"/>
  </concept>
  <concept>
    <code value="20095"/>
    <display value="Gampola-Kandy"/>
  </concept>
  <concept>
    <code value="20500"/>
    <display value="Gelioya-Kandy"/>
  </concept>
  <concept>
    <code value="20620"/>
    <display value="Godamunna-Kandy"/>
  </concept>
  <concept>
    <code value="20214"/>
    <display value="Gomagoda-Kandy"/>
  </concept>
  <concept>
    <code value="20184"/>
    <display value="Gonagantenna-Kandy"/>
  </concept>
  <concept>
    <code value="20712"/>
    <display value="Gonawalapatana-Kandy"/>
  </concept>
  <concept>
    <code value="20656"/>
    <display value="Gunnepana-Kandy"/>
  </concept>
  <concept>
    <code value="20270"/>
    <display value="Gurudeniya-Kandy"/>
  </concept>
  <concept>
    <code value="20189"/>
    <display value="Halloluwa-Kandy"/>
  </concept>
  <concept>
    <code value="20032"/>
    <display value="Handaganawa-Kandy"/>
  </concept>
  <concept>
    <code value="20984"/>
    <display value="Handawalapitiya-Kandy"/>
  </concept>
  <concept>
    <code value="20438"/>
    <display value="Handessa-Kandy"/>
  </concept>
  <concept>
    <code value="20480"/>
    <display value="Hanguranketha-Kandy"/>
  </concept>
  <concept>
    <code value="20710"/>
    <display value="Harankahawa-Kandy"/>
  </concept>
  <concept>
    <code value="20092"/>
    <display value="Hasalaka-Kandy"/>
  </concept>
  <concept>
    <code value="20960"/>
    <display value="Hataraliyadda-Kandy"/>
  </concept>
  <concept>
    <code value="20060"/>
    <display value="Hewaheta-Kandy"/>
  </concept>
  <concept>
    <code value="20440"/>
    <display value="Hindagala-Kandy"/>
  </concept>
  <concept>
    <code value="20414"/>
    <display value="Hondiyadeniya-Kandy"/>
  </concept>
  <concept>
    <code value="20524"/>
    <display value="Hunnasgiriya-Kandy"/>
  </concept>
  <concept>
    <code value="20948"/>
    <display value="lhala Kobbekaduwa-Kandy"/>
  </concept>
  <concept>
    <code value="20042"/>
    <display value="lllagolla-Kandy"/>
  </concept>
  <concept>
    <code value="20724"/>
    <display value="Jambugahapitiya-Kandy"/>
  </concept>
  <concept>
    <code value="20822"/>
    <display value="Kadugannawa-Kandy"/>
  </concept>
  <concept>
    <code value="20300"/>
    <display value="Kahataliyadda-Kandy"/>
  </concept>
  <concept>
    <code value="20924"/>
    <display value="Kalugala-Kandy"/>
  </concept>
  <concept>
    <code value="20926"/>
    <display value="Kandy-Kandy"/>
  </concept>
  <concept>
    <code value="20000"/>
    <display value="Kapuliyadde-Kandy"/>
  </concept>
  <concept>
    <code value="20206"/>
    <display value="Karandagolla-Kandy"/>
  </concept>
  <concept>
    <code value="20738"/>
    <display value="Katugastota-Kandy"/>
  </concept>
  <concept>
    <code value="20800"/>
    <display value="Kengalla-Kandy"/>
  </concept>
  <concept>
    <code value="20186"/>
    <display value="Ketakumbura-Kandy"/>
  </concept>
  <concept>
    <code value="20306"/>
    <display value="Ketawala Leula-Kandy"/>
  </concept>
  <concept>
    <code value="20198"/>
    <display value="Kiribathkumbura-Kandy"/>
  </concept>
  <concept>
    <code value="20442"/>
    <display value="Kobonila-Kandy"/>
  </concept>
  <concept>
    <code value="20928"/>
    <display value="Kolabissa-Kandy"/>
  </concept>
  <concept>
    <code value="20212"/>
    <display value="Kolongoda-Kandy"/>
  </concept>
  <concept>
    <code value="20971"/>
    <display value="Kulugammana-Kandy"/>
  </concept>
  <concept>
    <code value="20048"/>
    <display value="Kumbukkandura-Kandy"/>
  </concept>
  <concept>
    <code value="20902"/>
    <display value="Kumburegama-Kandy"/>
  </concept>
  <concept>
    <code value="20086"/>
    <display value="Kundasale-Kandy"/>
  </concept>
  <concept>
    <code value="20168"/>
    <display value="Leemagahakotuwa-Kandy"/>
  </concept>
  <concept>
    <code value="20482"/>
    <display value="Lunuketiya Maditta-Kandy"/>
  </concept>
  <concept>
    <code value="20172"/>
    <display value="Madawala Bazaar-Kandy"/>
  </concept>
  <concept>
    <code value="20260"/>
    <display value="Madugalla-Kandy"/>
  </concept>
  <concept>
    <code value="20938"/>
    <display value="Madulkele-Kandy"/>
  </concept>
  <concept>
    <code value="20840"/>
    <display value="Mahadoraliyadda-Kandy"/>
  </concept>
  <concept>
    <code value="20945"/>
    <display value="Mahamedagama-Kandy"/>
  </concept>
  <concept>
    <code value="20216"/>
    <display value="Mailapitiya-Kandy"/>
  </concept>
  <concept>
    <code value="20702"/>
    <display value="Makkanigama-Kandy"/>
  </concept>
  <concept>
    <code value="20828"/>
    <display value="Makuldeniya-Kandy"/>
  </concept>
  <concept>
    <code value="20921"/>
    <display value="Mandaram Nuwara-Kandy"/>
  </concept>
  <concept>
    <code value="20744"/>
    <display value="Mapakanda-Kandy"/>
  </concept>
  <concept>
    <code value="20662"/>
    <display value="Marassana-Kandy"/>
  </concept>
  <concept>
    <code value="20210"/>
    <display value="Marymount Colony-Kandy"/>
  </concept>
  <concept>
    <code value="20714"/>
    <display value="Maturata-Kandy"/>
  </concept>
  <concept>
    <code value="20748"/>
    <display value="Mawatura-Kandy"/>
  </concept>
  <concept>
    <code value="20564"/>
    <display value="Medamahanuwara-Kandy"/>
  </concept>
  <concept>
    <code value="20940"/>
    <display value="Medawala Harispattuwa-Kandy"/>
  </concept>
  <concept>
    <code value="20120"/>
    <display value="Meetalawa-Kandy"/>
  </concept>
  <concept>
    <code value="20512"/>
    <display value="Megoda Kalugamuwa-Kandy"/>
  </concept>
  <concept>
    <code value="20409"/>
    <display value="Menikdiwela-Kandy"/>
  </concept>
  <concept>
    <code value="20470"/>
    <display value="Menikhinna-Kandy"/>
  </concept>
  <concept>
    <code value="20170"/>
    <display value="Mimure-Kandy"/>
  </concept>
  <concept>
    <code value="20923"/>
    <display value="Minigamuwa-Kandy"/>
  </concept>
  <concept>
    <code value="20109"/>
    <display value="Minipe-Kandy"/>
  </concept>
  <concept>
    <code value="20983"/>
    <display value="Murutalawa-Kandy"/>
  </concept>
  <concept>
    <code value="20232"/>
    <display value="Muruthagahamulla-Kandy"/>
  </concept>
  <concept>
    <code value="20526"/>
    <display value="Naranpanawa-Kandy"/>
  </concept>
  <concept>
    <code value="20176"/>
    <display value="Nattarampotha-Kandy"/>
  </concept>
  <concept>
    <code value="20194"/>
    <display value="Nawalapitiya-Kandy"/>
  </concept>
  <concept>
    <code value="20650"/>
    <display value="Nillambe-Kandy"/>
  </concept>
  <concept>
    <code value="20418"/>
    <display value="Nugaliyadda-Kandy"/>
  </concept>
  <concept>
    <code value="20204"/>
    <display value="Nugawela-Kandy"/>
  </concept>
  <concept>
    <code value="20072"/>
    <display value="Pallebowala-Kandy"/>
  </concept>
  <concept>
    <code value="20734"/>
    <display value="Pallekotuwa-Kandy"/>
  </concept>
  <concept>
    <code value="20084"/>
    <display value="Panvila-Kandy"/>
  </concept>
  <concept>
    <code value="20830"/>
    <display value="Panwilatenna-Kandy"/>
  </concept>
  <concept>
    <code value="20544"/>
    <display value="Paradeka-Kandy"/>
  </concept>
  <concept>
    <code value="20578"/>
    <display value="Pasbage-Kandy"/>
  </concept>
  <concept>
    <code value="20654"/>
    <display value="Pattitalawa-Kandy"/>
  </concept>
  <concept>
    <code value="20511"/>
    <display value="Pattiya Watta-Kandy"/>
  </concept>
  <concept>
    <code value="20118"/>
    <display value="Peradeniya-Kandy"/>
  </concept>
  <concept>
    <code value="20400"/>
    <display value="Pilawala-Kandy"/>
  </concept>
  <concept>
    <code value="20196"/>
    <display value="Pilimatalawa-Kandy"/>
  </concept>
  <concept>
    <code value="20450"/>
    <display value="Poholiyadda-Kandy"/>
  </concept>
  <concept>
    <code value="20106"/>
    <display value="Polgolla-Kandy"/>
  </concept>
  <concept>
    <code value="20250"/>
    <display value="Pujapitiya-Kandy"/>
  </concept>
  <concept>
    <code value="20112"/>
    <display value="Pupuressa-Kandy"/>
  </concept>
  <concept>
    <code value="20546"/>
    <display value="Pussellawa-Kandy"/>
  </concept>
  <concept>
    <code value="20580"/>
    <display value="Putuhapuwa-Kandy"/>
  </concept>
  <concept>
    <code value="20906"/>
    <display value="Rajawella-Kandy"/>
  </concept>
  <concept>
    <code value="20180"/>
    <display value="Rambukpitiya-Kandy"/>
  </concept>
  <concept>
    <code value="20676"/>
    <display value="Rambukwella-Kandy"/>
  </concept>
  <concept>
    <code value="20128"/>
    <display value="Rangala-Kandy"/>
  </concept>
  <concept>
    <code value="20922"/>
    <display value="Rantembe-Kandy"/>
  </concept>
  <concept>
    <code value="20990"/>
    <display value="Rathukohodigala-Kandy"/>
  </concept>
  <concept>
    <code value="20818"/>
    <display value="Rikillagaskada-Kandy"/>
  </concept>
  <concept>
    <code value="20730"/>
    <display value="Sangarajapura-Kandy"/>
  </concept>
  <concept>
    <code value="20044"/>
    <display value="Senarathwela-Kandy"/>
  </concept>
  <concept>
    <code value="20904"/>
    <display value="Talatuoya-Kandy"/>
  </concept>
  <concept>
    <code value="20200"/>
    <display value="Tawalantenna-Kandy"/>
  </concept>
  <concept>
    <code value="20838"/>
    <display value="Teldeniya-Kandy"/>
  </concept>
  <concept>
    <code value="20900"/>
    <display value="Tennekumbura-Kandy"/>
  </concept>
  <concept>
    <code value="20166"/>
    <display value="Uda Peradeniya-Kandy"/>
  </concept>
  <concept>
    <code value="20404"/>
    <display value="Udahentenna-Kandy"/>
  </concept>
  <concept>
    <code value="20506"/>
    <display value="Udahingulwala-Kandy"/>
  </concept>
  <concept>
    <code value="20094"/>
    <display value="Udatalawinna-Kandy"/>
  </concept>
  <concept>
    <code value="20802"/>
    <display value="Udawatta-Kandy"/>
  </concept>
  <concept>
    <code value="20722"/>
    <display value="Udispattuwa-Kandy"/>
  </concept>
  <concept>
    <code value="20916"/>
    <display value="Ududumbara-Kandy"/>
  </concept>
  <concept>
    <code value="20950"/>
    <display value="Uduwa-Kandy"/>
  </concept>
  <concept>
    <code value="20052"/>
    <display value="Uduwahinna-Kandy"/>
  </concept>
  <concept>
    <code value="20934"/>
    <display value="Uduwela-Kandy"/>
  </concept>
  <concept>
    <code value="20164"/>
    <display value="Ulapane-Kandy"/>
  </concept>
  <concept>
    <code value="20562"/>
    <display value="Ulpothagama-Kandy"/>
  </concept>
  <concept>
    <code value="20965"/>
    <display value="Unuwinna-Kandy"/>
  </concept>
  <concept>
    <code value="20708"/>
    <display value="Velamboda-Kandy"/>
  </concept>
  <concept>
    <code value="20640"/>
    <display value="Wattappola-Kandy"/>
  </concept>
  <concept>
    <code value="20454"/>
    <display value="Wattegama-Kandy"/>
  </concept>
  <concept>
    <code value="20810"/>
    <display value="Watagoda Harispattuwa-Kandy"/>
  </concept>
  <concept>
    <code value="20134"/>
    <display value="Weligalla-Kandy"/>
  </concept>
  <concept>
    <code value="20610"/>
    <display value="Weligampola-Kandy"/>
  </concept>
  <concept>
    <code value="20666"/>
    <display value="Wendaruwa-Kandy"/>
  </concept>
  <concept>
    <code value="20914"/>
    <display value="Weragantota-Kandy"/>
  </concept>
  <concept>
    <code value="20982"/>
    <display value="Werapitya-Kandy"/>
  </concept>
  <concept>
    <code value="20908"/>
    <display value="Werellagama-Kandy"/>
  </concept>
  <concept>
    <code value="20080"/>
    <display value="Wettawa-Kandy"/>
  </concept>
  <concept>
    <code value="20108"/>
    <display value="Wilanagama-Kandy"/>
  </concept>
  <concept>
    <code value="20142"/>
    <display value="Yahalatenna-Kandy"/>
  </concept>
  <concept>
    <code value="20234"/>
    <display value="Yatihalagala-Kandy"/>
  </concept>
</CodeSystem>