{
  "package": "fhir.SLexampleIG",
  "version": "0.1.0",
  "fhirVersion": "4.0.1",
  "extensions": [
    {
      "url": "http://fhir.health.gov.lk/StructureDefinition/lk-core-gn-area-ext",
      "title": "LK Core GN Area Extension",
      "types": [
        "CodeableConcept"
      ]
    },
    {
      "url": "http://fhir.health.gov.lk/StructureDefinition/lk-core-moh-area-ex",
      "title": "LK Core MOH Area Extension",
      "types": [
        "CodeableConcept"
      ]
    },
    {
      "url": "http://fhir.health.gov.lk/StructureDefinition/lk-core-province-ext",
      "title": "LK Core Province Extension",
      "types": [
        "CodeableConcept"
      ]
    }
  ],
  "profiles": {
    "AllergyIntolerance": [
      {
        "url": "http://fhir.health.gov.lk/StructureDefinition/lk-core-allergy-intolerance",
        "title": "LKCore Allergy Intolerance"
      }
    ],
    "Location": [
      {
        "url": "http://fhir.health.gov.lk/StructureDefinition/lk-core-location",
        "title": "LK Core Location"
      }
    ],
    "Organization": [
      {
        "url": "http://fhir.health.gov.lk/StructureDefinition/lk-core-organization",
        "title": "LK Core Organization"
      }
    ],
    "Patient": [
      {
        "url": "http://fhir.health.gov.lk/StructureDefinition/lk-core-patient-profile",
        "title": "LK Core Patient"
      }
    ],
    "Practitioner": [
      {
        "url": "http://fhir.health.gov.lk/StructureDefinition/lk-core-practitioner",
        "title": "LK Core Practitioner"
      }
    ]
  },
  "usage": {
    "http://fhir.health.gov.lk/StructureDefinition/lk-core-gn-area-ext": [
      "Address"
    ],
    "http://fhir.health.gov.lk/StructureDefinition/lk-core-moh-area-ex": [
      "Address",
      "Organization"
    ],
    "http://fhir.health.gov.lk/StructureDefinition/lk-core-province-ext": [
      "Organization"
    ],
    "http://hl7.org/fhir/StructureDefinition/elementdefinition-bestpractice": [
      "StructureDefinition.snapshot.element.constraint"
    ],
    "http://hl7.org/fhir/StructureDefinition/elementdefinition-bestpractice-explanation": [
      "StructureDefinition.snapshot.element.constraint"
    ],
    "http://hl7.org/fhir/StructureDefinition/elementdefinition-bindingName": [
      "StructureDefinition.snapshot.element.binding"
    ],
    "http://hl7.org/fhir/StructureDefinition/elementdefinition-isCommonBinding": [
      "StructureDefinition.snapshot.element.binding"
    ],
    "http://hl7.org/fhir/StructureDefinition/elementdefinition-maxValueSet": [
      "StructureDefinition.snapshot.element.binding"
    ],
    "http://hl7.org/fhir/StructureDefinition/structuredefinition-explicit-type-name": [
      "StructureDefinition.snapshot.element"
    ],
    "http://hl7.org/fhir/StructureDefinition/structuredefinition-fhir-type": [
      "StructureDefinition.snapshot.element.type"
    ],
    "http://hl7.org/fhir/StructureDefinition/structuredefinition-hierarchy": [
      "StructureDefinition.snapshot.element.type"
    ],
    "http://hl7.org/fhir/tools/StructureDefinition/ig-internal-dependency": [
      "ImplementationGuide.definition"
    ],
    "http://hl7.org/fhir/tools/StructureDefinition/ig-page-name": [
      "ImplementationGuide.definition.page",
      "ImplementationGuide.definition.page.page"
    ],
    "http://hl7.org/fhir/tools/StructureDefinition/ig-parameter": [
      "ImplementationGuide.definition"
    ],
    "http://hl7.org/fhir/tools/StructureDefinition/implementationguide-dependency-comment": [
      "ImplementationGuide.dependsOn"
    ],
    "http://hl7.org/fhir/tools/StructureDefinition/resource-information": [
      "ImplementationGuide.definition.resource"
    ]
  }
}