<?xml version="1.0" encoding="UTF-8"?>

<ValueSet xmlns="http://hl7.org/fhir">
  <id value="lk-core-health-institution-vs"/>
  <text>
    <status value="generated"/><div xmlns="http://www.w3.org/1999/xhtml"><ul><li>Include all codes defined in <a href="CodeSystem-lk-core-health-institution-cs.html"><code>http://fhir.health.gov.lk/CodeSystem/lk-core-health-institution-cs</code></a></li></ul></div>
  </text>
  <url value="http://fhir.health.gov.lk/ValueSet/lk-core-health-institution-vs"/>
  <version value="0.1.0"/>
  <name value="LKCoreHealthInstitutionVS"/>
  <title value="LK Core Health Institution Value Set"/>
  <status value="draft"/>
  <date value="2023-08-14T13:12:37+05:30"/>
  <description value="LK Core Health Institution Value Set"/>
  <compose>
    <include>
      <system value="http://fhir.health.gov.lk/CodeSystem/lk-core-health-institution-cs"/>
    </include>
  </compose>
</ValueSet>