{"resourceType":"CodeSystem","id":"lk-core-ownership-cs","text":{"status":"generated","div":"<div xmlns=\"http://www.w3.org/1999/xhtml\"><p>This  code system <code>http://fhir.health.gov.lk/CodeSystem/lk-core-ownership-cs</code> defines the following codes:</p><table class=\"codes\"><tr><td style=\"white-space:nowrap\"><b>Code</b></td><td><b>Display</b></td></tr><tr><td style=\"white-space:nowrap\">L<a name=\"lk-core-ownership-cs-L\"> </a></td><td>Line Ministry</td></tr><tr><td style=\"white-space:nowrap\">P<a name=\"lk-core-ownership-cs-P\"> </a></td><td>Provincial Ministry</td></tr></table></div>"},"url":"http://fhir.health.gov.lk/CodeSystem/lk-core-ownership-cs","version":"0.1.0","name":"LKCoreOwnershipCS","title":"LK Core Ownership","status":"draft","date":"2023-09-05T15:30:49+05:30","description":"Codesystem for Organisation Ownership","content":"complete","count":2,"concept":[{"code":"L","display":"Line Ministry"},{"code":"P","display":"Provincial Ministry"}]}