{"resourceType":"CodeSystem","id":"lk-core-allergyintolerance-code-cs","text":{"status":"generated","div":"<div xmlns=\"http://www.w3.org/1999/xhtml\"><p>This code system <code>http://fhir.health.gov.lk/CodeSystem/allergy-intolerance-code-cs</code> defines the following code:</p><table class=\"codes\"><tr><td style=\"white-space:nowrap\"><b>Code</b></td><td><b>Display</b></td><td><b>Definition</b></td></tr><tr><td style=\"white-space:nowrap\">Sub-1<a name=\"lk-core-allergyintolerance-code-cs-Sub-1\"> </a></td><td>Example substance</td><td>Level 1 is the bottom level, below the lower edge of the pectoralis minor muscle.</td></tr></table></div>"},"url":"http://fhir.health.gov.lk/CodeSystem/allergy-intolerance-code-cs","version":"0.1.0","name":"LKCoreAllergyIntoleranceCodeCS","title":"LK Core Allergy Intolerance Code System","status":"draft","date":"2023-07-19T00:18:27+05:30","description":"Substances, medciations and other allergens for Sri Lanka","content":"complete","count":1,"concept":[{"code":"Sub-1","display":"Example substance","definition":"Level 1 is the bottom level, below the lower edge of the pectoralis minor muscle."}]}