{"resourceType":"ValueSet","id":"lk-core-postalcodes-vs","text":{"status":"generated","div":"<div xmlns=\"http://www.w3.org/1999/xhtml\"><ul><li>Include all codes defined in <a href=\"CodeSystem-lk-core-postalcodes-cs.html\"><code>http://fhir.health.gov.lk/CodeSystem/lk-core-postalcodes-cs</code></a></li></ul></div>"},"url":"http://fhir.health.gov.lk/ValueSet/lk-core-postalcodes-vs","version":"0.1.0","name":"LKCorePostalCodesVS","title":"LK Core Postalcodes  Value Set","status":"draft","date":"2023-07-19T00:18:27+05:30","description":"LK Core Postalcodes  Value Set","compose":{"include":[{"system":"http://fhir.health.gov.lk/CodeSystem/lk-core-postalcodes-cs"}]}}