{
  "resourceType" : "CodeSystem",
  "id" : "lk-core-postalcodes-cs",
  "text" : {
    "status" : "generated",
    "div" : "<div xmlns=\"http://www.w3.org/1999/xhtml\">Placeholder</div>"
  },
  "url" : "http://fhir.health.gov.lk/CodeSystem/lk-core-postalcodes-cs",
  "version" : "0.1.0",
  "name" : "LKCorePostalCodesCS",
  "title" : "LK Core Postalcodes Code System",
  "status" : "draft",
  "date" : "2023-09-05T15:30:49+05:30",
  "description" : "LK Core Postalcodes Code System",
  "content" : "complete",
  "count" : 226,
  "concept" : [{
    "code" : "100",
    "display" : "Colombo 02-Colombo"
  },
  {
    "code" : "200",
    "display" : "Colombo 03-Colombo"
  },
  {
    "code" : "300",
    "display" : "Colombo 04-Colombo"
  },
  {
    "code" : "400",
    "display" : "Colombo 05-Colombo"
  },
  {
    "code" : "500",
    "display" : "Colombo 06-Colombo"
  },
  {
    "code" : "600",
    "display" : "Colombo 07-Colombo"
  },
  {
    "code" : "700",
    "display" : "Colombo 08-Colombo"
  },
  {
    "code" : "800",
    "display" : "Colombo 09-Colombo"
  },
  {
    "code" : "900",
    "display" : "Colombo 10-Colombo"
  },
  {
    "code" : "1000",
    "display" : "Colombo 11-Colombo"
  },
  {
    "code" : "1100",
    "display" : "Colombo 12-Colombo"
  },
  {
    "code" : "1200",
    "display" : "Colombo 13-Colombo"
  },
  {
    "code" : "1300",
    "display" : "Colombo 14-Colombo"
  },
  {
    "code" : "1400",
    "display" : "Colombo 15-Colombo"
  },
  {
    "code" : "1500",
    "display" : "Akarawita-Colombo"
  },
  {
    "code" : "10732",
    "display" : "Athurugiriya-Colombo"
  },
  {
    "code" : "10150",
    "display" : "Avissawella-Colombo"
  },
  {
    "code" : "10700",
    "display" : "Batawala-Colombo"
  },
  {
    "code" : "10513",
    "display" : "Battaramulla-Colombo"
  },
  {
    "code" : "10120",
    "display" : "Batugampola-Colombo"
  },
  {
    "code" : "10526",
    "display" : "Bope-Colombo"
  },
  {
    "code" : "10522",
    "display" : "Boralesgamuwa-Colombo"
  },
  {
    "code" : "10290",
    "display" : "Dedigamuwa-Colombo"
  },
  {
    "code" : "10656",
    "display" : "Dehiwala-Colombo"
  },
  {
    "code" : "10350",
    "display" : "Deltara-Colombo"
  },
  {
    "code" : "10302",
    "display" : "Habarakada-Colombo"
  },
  {
    "code" : "10204",
    "display" : "Handapangoda-Colombo"
  },
  {
    "code" : "10524",
    "display" : "Hanwella-Colombo"
  },
  {
    "code" : "10650",
    "display" : "Hewainna-Colombo"
  },
  {
    "code" : "10714",
    "display" : "Hiripitya-Colombo"
  },
  {
    "code" : "10232",
    "display" : "Hokandara-Colombo"
  },
  {
    "code" : "10118",
    "display" : "Homagama-Colombo"
  },
  {
    "code" : "10200",
    "display" : "Horagala-Colombo"
  },
  {
    "code" : "10502",
    "display" : "Kaduwela-Colombo"
  },
  {
    "code" : "10640",
    "display" : "Kahawala-Colombo"
  },
  {
    "code" : "10508",
    "display" : "Kalatuwawa-Colombo"
  },
  {
    "code" : "10718",
    "display" : "Kiriwattuduwa-Colombo"
  },
  {
    "code" : "10208",
    "display" : "Kolonnawa-Colombo"
  },
  {
    "code" : "10600",
    "display" : "Kosgama-Colombo"
  },
  {
    "code" : "10730",
    "display" : "Madapatha-Colombo"
  },
  {
    "code" : "10306",
    "display" : "Maharagama-Colombo"
  },
  {
    "code" : "10280",
    "display" : "Malabe-Colombo"
  },
  {
    "code" : "10115",
    "display" : "Meegoda-Colombo"
  },
  {
    "code" : "10504",
    "display" : "Moratuwa-Colombo"
  },
  {
    "code" : "10400",
    "display" : "Mount Lavinia-Colombo"
  },
  {
    "code" : "10370",
    "display" : "Mullegama-Colombo"
  },
  {
    "code" : "10202",
    "display" : "Mulleriyawa New Town-Colombo"
  },
  {
    "code" : "10620",
    "display" : "Mutwal-Colombo"
  },
  {
    "code" : "10704",
    "display" : "Nugegoda-Colombo"
  },
  {
    "code" : "10250",
    "display" : "Padukka-Colombo"
  },
  {
    "code" : "10500",
    "display" : "Pannipitiya-Colombo"
  },
  {
    "code" : "10230",
    "display" : "Piliyandala-Colombo"
  },
  {
    "code" : "10300",
    "display" : "Pitipana Homagama-Colombo"
  },
  {
    "code" : "10206",
    "display" : "Polgasowita-Colombo"
  },
  {
    "code" : "10320",
    "display" : "Puwakpitiya-Colombo"
  },
  {
    "code" : "10712",
    "display" : "Ranala-Colombo"
  },
  {
    "code" : "10654",
    "display" : "Siddamulla-Colombo"
  },
  {
    "code" : "10304",
    "display" : "Sri Jayawardenepu-Colombo"
  },
  {
    "code" : "10100",
    "display" : "Talawatugoda-Colombo"
  },
  {
    "code" : "10116",
    "display" : "Tummodara-Colombo"
  },
  {
    "code" : "10682",
    "display" : "Waga-Colombo"
  },
  {
    "code" : "10680",
    "display" : "Watareka-Colombo"
  },
  {
    "code" : "10511",
    "display" : "Akurana-Kandy"
  },
  {
    "code" : "20850",
    "display" : "Alawatugoda-Kandy"
  },
  {
    "code" : "20140",
    "display" : "Aludeniya-Kandy"
  },
  {
    "code" : "20062",
    "display" : "Ambagahapelessa-Kandy"
  },
  {
    "code" : "20986",
    "display" : "Ambatenna-Kandy"
  },
  {
    "code" : "20136",
    "display" : "Ampitiya-Kandy"
  },
  {
    "code" : "20160",
    "display" : "Ankumbura-Kandy"
  },
  {
    "code" : "20150",
    "display" : "Atabage-Kandy"
  },
  {
    "code" : "20574",
    "display" : "Balana-Kandy"
  },
  {
    "code" : "20308",
    "display" : "Bambaragahaela-Kandy"
  },
  {
    "code" : "20644",
    "display" : "Barawardhana Oya-Kandy"
  },
  {
    "code" : "20967",
    "display" : "Batagolladeniya-Kandy"
  },
  {
    "code" : "20154",
    "display" : "Batugoda-Kandy"
  },
  {
    "code" : "20132",
    "display" : "Batumulla-Kandy"
  },
  {
    "code" : "20966",
    "display" : "Bawlana-Kandy"
  },
  {
    "code" : "20218",
    "display" : "Bopana-Kandy"
  },
  {
    "code" : "20932",
    "display" : "Danture-Kandy"
  },
  {
    "code" : "20465",
    "display" : "Dedunupitiya-Kandy"
  },
  {
    "code" : "20068",
    "display" : "Dekinda-Kandy"
  },
  {
    "code" : "20658",
    "display" : "Deltota-Kandy"
  },
  {
    "code" : "20430",
    "display" : "Dolapihilla-Kandy"
  },
  {
    "code" : "20126",
    "display" : "Dolosbage-Kandy"
  },
  {
    "code" : "20510",
    "display" : "Doluwa-Kandy"
  },
  {
    "code" : "20532",
    "display" : "Doragamuwa-Kandy"
  },
  {
    "code" : "20816",
    "display" : "Dunuwila-Kandy"
  },
  {
    "code" : "20824",
    "display" : "Ekiriya-Kandy"
  },
  {
    "code" : "20732",
    "display" : "Elamulla-Kandy"
  },
  {
    "code" : "20742",
    "display" : "Etulgama-Kandy"
  },
  {
    "code" : "20202",
    "display" : "Galaboda-Kandy"
  },
  {
    "code" : "20664",
    "display" : "Galagedara-Kandy"
  },
  {
    "code" : "20100",
    "display" : "Galaha-Kandy"
  },
  {
    "code" : "20420",
    "display" : "Galhinna-Kandy"
  },
  {
    "code" : "20152",
    "display" : "Gallellagama-Kandy"
  },
  {
    "code" : "20095",
    "display" : "Gampola-Kandy"
  },
  {
    "code" : "20500",
    "display" : "Gelioya-Kandy"
  },
  {
    "code" : "20620",
    "display" : "Godamunna-Kandy"
  },
  {
    "code" : "20214",
    "display" : "Gomagoda-Kandy"
  },
  {
    "code" : "20184",
    "display" : "Gonagantenna-Kandy"
  },
  {
    "code" : "20712",
    "display" : "Gonawalapatana-Kandy"
  },
  {
    "code" : "20656",
    "display" : "Gunnepana-Kandy"
  },
  {
    "code" : "20270",
    "display" : "Gurudeniya-Kandy"
  },
  {
    "code" : "20189",
    "display" : "Halloluwa-Kandy"
  },
  {
    "code" : "20032",
    "display" : "Handaganawa-Kandy"
  },
  {
    "code" : "20984",
    "display" : "Handawalapitiya-Kandy"
  },
  {
    "code" : "20438",
    "display" : "Handessa-Kandy"
  },
  {
    "code" : "20480",
    "display" : "Hanguranketha-Kandy"
  },
  {
    "code" : "20710",
    "display" : "Harankahawa-Kandy"
  },
  {
    "code" : "20092",
    "display" : "Hasalaka-Kandy"
  },
  {
    "code" : "20960",
    "display" : "Hataraliyadda-Kandy"
  },
  {
    "code" : "20060",
    "display" : "Hewaheta-Kandy"
  },
  {
    "code" : "20440",
    "display" : "Hindagala-Kandy"
  },
  {
    "code" : "20414",
    "display" : "Hondiyadeniya-Kandy"
  },
  {
    "code" : "20524",
    "display" : "Hunnasgiriya-Kandy"
  },
  {
    "code" : "20948",
    "display" : "lhala Kobbekaduwa-Kandy"
  },
  {
    "code" : "20042",
    "display" : "lllagolla-Kandy"
  },
  {
    "code" : "20724",
    "display" : "Jambugahapitiya-Kandy"
  },
  {
    "code" : "20822",
    "display" : "Kadugannawa-Kandy"
  },
  {
    "code" : "20300",
    "display" : "Kahataliyadda-Kandy"
  },
  {
    "code" : "20924",
    "display" : "Kalugala-Kandy"
  },
  {
    "code" : "20926",
    "display" : "Kandy-Kandy"
  },
  {
    "code" : "20000",
    "display" : "Kapuliyadde-Kandy"
  },
  {
    "code" : "20206",
    "display" : "Karandagolla-Kandy"
  },
  {
    "code" : "20738",
    "display" : "Katugastota-Kandy"
  },
  {
    "code" : "20800",
    "display" : "Kengalla-Kandy"
  },
  {
    "code" : "20186",
    "display" : "Ketakumbura-Kandy"
  },
  {
    "code" : "20306",
    "display" : "Ketawala Leula-Kandy"
  },
  {
    "code" : "20198",
    "display" : "Kiribathkumbura-Kandy"
  },
  {
    "code" : "20442",
    "display" : "Kobonila-Kandy"
  },
  {
    "code" : "20928",
    "display" : "Kolabissa-Kandy"
  },
  {
    "code" : "20212",
    "display" : "Kolongoda-Kandy"
  },
  {
    "code" : "20971",
    "display" : "Kulugammana-Kandy"
  },
  {
    "code" : "20048",
    "display" : "Kumbukkandura-Kandy"
  },
  {
    "code" : "20902",
    "display" : "Kumburegama-Kandy"
  },
  {
    "code" : "20086",
    "display" : "Kundasale-Kandy"
  },
  {
    "code" : "20168",
    "display" : "Leemagahakotuwa-Kandy"
  },
  {
    "code" : "20482",
    "display" : "Lunuketiya Maditta-Kandy"
  },
  {
    "code" : "20172",
    "display" : "Madawala Bazaar-Kandy"
  },
  {
    "code" : "20260",
    "display" : "Madugalla-Kandy"
  },
  {
    "code" : "20938",
    "display" : "Madulkele-Kandy"
  },
  {
    "code" : "20840",
    "display" : "Mahadoraliyadda-Kandy"
  },
  {
    "code" : "20945",
    "display" : "Mahamedagama-Kandy"
  },
  {
    "code" : "20216",
    "display" : "Mailapitiya-Kandy"
  },
  {
    "code" : "20702",
    "display" : "Makkanigama-Kandy"
  },
  {
    "code" : "20828",
    "display" : "Makuldeniya-Kandy"
  },
  {
    "code" : "20921",
    "display" : "Mandaram Nuwara-Kandy"
  },
  {
    "code" : "20744",
    "display" : "Mapakanda-Kandy"
  },
  {
    "code" : "20662",
    "display" : "Marassana-Kandy"
  },
  {
    "code" : "20210",
    "display" : "Marymount Colony-Kandy"
  },
  {
    "code" : "20714",
    "display" : "Maturata-Kandy"
  },
  {
    "code" : "20748",
    "display" : "Mawatura-Kandy"
  },
  {
    "code" : "20564",
    "display" : "Medamahanuwara-Kandy"
  },
  {
    "code" : "20940",
    "display" : "Medawala Harispattuwa-Kandy"
  },
  {
    "code" : "20120",
    "display" : "Meetalawa-Kandy"
  },
  {
    "code" : "20512",
    "display" : "Megoda Kalugamuwa-Kandy"
  },
  {
    "code" : "20409",
    "display" : "Menikdiwela-Kandy"
  },
  {
    "code" : "20470",
    "display" : "Menikhinna-Kandy"
  },
  {
    "code" : "20170",
    "display" : "Mimure-Kandy"
  },
  {
    "code" : "20923",
    "display" : "Minigamuwa-Kandy"
  },
  {
    "code" : "20109",
    "display" : "Minipe-Kandy"
  },
  {
    "code" : "20983",
    "display" : "Murutalawa-Kandy"
  },
  {
    "code" : "20232",
    "display" : "Muruthagahamulla-Kandy"
  },
  {
    "code" : "20526",
    "display" : "Naranpanawa-Kandy"
  },
  {
    "code" : "20176",
    "display" : "Nattarampotha-Kandy"
  },
  {
    "code" : "20194",
    "display" : "Nawalapitiya-Kandy"
  },
  {
    "code" : "20650",
    "display" : "Nillambe-Kandy"
  },
  {
    "code" : "20418",
    "display" : "Nugaliyadda-Kandy"
  },
  {
    "code" : "20204",
    "display" : "Nugawela-Kandy"
  },
  {
    "code" : "20072",
    "display" : "Pallebowala-Kandy"
  },
  {
    "code" : "20734",
    "display" : "Pallekotuwa-Kandy"
  },
  {
    "code" : "20084",
    "display" : "Panvila-Kandy"
  },
  {
    "code" : "20830",
    "display" : "Panwilatenna-Kandy"
  },
  {
    "code" : "20544",
    "display" : "Paradeka-Kandy"
  },
  {
    "code" : "20578",
    "display" : "Pasbage-Kandy"
  },
  {
    "code" : "20654",
    "display" : "Pattitalawa-Kandy"
  },
  {
    "code" : "20511",
    "display" : "Pattiya Watta-Kandy"
  },
  {
    "code" : "20118",
    "display" : "Peradeniya-Kandy"
  },
  {
    "code" : "20400",
    "display" : "Pilawala-Kandy"
  },
  {
    "code" : "20196",
    "display" : "Pilimatalawa-Kandy"
  },
  {
    "code" : "20450",
    "display" : "Poholiyadda-Kandy"
  },
  {
    "code" : "20106",
    "display" : "Polgolla-Kandy"
  },
  {
    "code" : "20250",
    "display" : "Pujapitiya-Kandy"
  },
  {
    "code" : "20112",
    "display" : "Pupuressa-Kandy"
  },
  {
    "code" : "20546",
    "display" : "Pussellawa-Kandy"
  },
  {
    "code" : "20580",
    "display" : "Putuhapuwa-Kandy"
  },
  {
    "code" : "20906",
    "display" : "Rajawella-Kandy"
  },
  {
    "code" : "20180",
    "display" : "Rambukpitiya-Kandy"
  },
  {
    "code" : "20676",
    "display" : "Rambukwella-Kandy"
  },
  {
    "code" : "20128",
    "display" : "Rangala-Kandy"
  },
  {
    "code" : "20922",
    "display" : "Rantembe-Kandy"
  },
  {
    "code" : "20990",
    "display" : "Rathukohodigala-Kandy"
  },
  {
    "code" : "20818",
    "display" : "Rikillagaskada-Kandy"
  },
  {
    "code" : "20730",
    "display" : "Sangarajapura-Kandy"
  },
  {
    "code" : "20044",
    "display" : "Senarathwela-Kandy"
  },
  {
    "code" : "20904",
    "display" : "Talatuoya-Kandy"
  },
  {
    "code" : "20200",
    "display" : "Tawalantenna-Kandy"
  },
  {
    "code" : "20838",
    "display" : "Teldeniya-Kandy"
  },
  {
    "code" : "20900",
    "display" : "Tennekumbura-Kandy"
  },
  {
    "code" : "20166",
    "display" : "Uda Peradeniya-Kandy"
  },
  {
    "code" : "20404",
    "display" : "Udahentenna-Kandy"
  },
  {
    "code" : "20506",
    "display" : "Udahingulwala-Kandy"
  },
  {
    "code" : "20094",
    "display" : "Udatalawinna-Kandy"
  },
  {
    "code" : "20802",
    "display" : "Udawatta-Kandy"
  },
  {
    "code" : "20722",
    "display" : "Udispattuwa-Kandy"
  },
  {
    "code" : "20916",
    "display" : "Ududumbara-Kandy"
  },
  {
    "code" : "20950",
    "display" : "Uduwa-Kandy"
  },
  {
    "code" : "20052",
    "display" : "Uduwahinna-Kandy"
  },
  {
    "code" : "20934",
    "display" : "Uduwela-Kandy"
  },
  {
    "code" : "20164",
    "display" : "Ulapane-Kandy"
  },
  {
    "code" : "20562",
    "display" : "Ulpothagama-Kandy"
  },
  {
    "code" : "20965",
    "display" : "Unuwinna-Kandy"
  },
  {
    "code" : "20708",
    "display" : "Velamboda-Kandy"
  },
  {
    "code" : "20640",
    "display" : "Wattappola-Kandy"
  },
  {
    "code" : "20454",
    "display" : "Wattegama-Kandy"
  },
  {
    "code" : "20810",
    "display" : "Watagoda Harispattuwa-Kandy"
  },
  {
    "code" : "20134",
    "display" : "Weligalla-Kandy"
  },
  {
    "code" : "20610",
    "display" : "Weligampola-Kandy"
  },
  {
    "code" : "20666",
    "display" : "Wendaruwa-Kandy"
  },
  {
    "code" : "20914",
    "display" : "Weragantota-Kandy"
  },
  {
    "code" : "20982",
    "display" : "Werapitya-Kandy"
  },
  {
    "code" : "20908",
    "display" : "Werellagama-Kandy"
  },
  {
    "code" : "20080",
    "display" : "Wettawa-Kandy"
  },
  {
    "code" : "20108",
    "display" : "Wilanagama-Kandy"
  },
  {
    "code" : "20142",
    "display" : "Yahalatenna-Kandy"
  },
  {
    "code" : "20234",
    "display" : "Yatihalagala-Kandy"
  }]
}