{
  "resourceType" : "CodeSystem",
  "id" : "lk-core-postalcodes-cs",
  "text" : {
    "status" : "generated",
    "div" : "<div xmlns=\"http://www.w3.org/1999/xhtml\"><p>This code system <code>http://fhir.health.gov.lk/CodeSystem/lk-core-postalcodes-cs</code> defines the following codes:</p><table class=\"codes\"><tr><td style=\"white-space:nowrap\"><b>Code</b></td><td><b>Display</b></td></tr><tr><td style=\"white-space:nowrap\">100<a name=\"lk-core-postalcodes-cs-100\"> </a></td><td>Colombo 02-Colombo</td></tr><tr><td style=\"white-space:nowrap\">200<a name=\"lk-core-postalcodes-cs-200\"> </a></td><td>Colombo 03-Colombo</td></tr><tr><td style=\"white-space:nowrap\">300<a name=\"lk-core-postalcodes-cs-300\"> </a></td><td>Colombo 04-Colombo</td></tr><tr><td style=\"white-space:nowrap\">400<a name=\"lk-core-postalcodes-cs-400\"> </a></td><td>Colombo 05-Colombo</td></tr><tr><td style=\"white-space:nowrap\">500<a name=\"lk-core-postalcodes-cs-500\"> </a></td><td>Colombo 06-Colombo</td></tr><tr><td style=\"white-space:nowrap\">600<a name=\"lk-core-postalcodes-cs-600\"> </a></td><td>Colombo 07-Colombo</td></tr><tr><td style=\"white-space:nowrap\">700<a name=\"lk-core-postalcodes-cs-700\"> </a></td><td>Colombo 08-Colombo</td></tr><tr><td style=\"white-space:nowrap\">800<a name=\"lk-core-postalcodes-cs-800\"> </a></td><td>Colombo 09-Colombo</td></tr><tr><td style=\"white-space:nowrap\">900<a name=\"lk-core-postalcodes-cs-900\"> </a></td><td>Colombo 10-Colombo</td></tr><tr><td style=\"white-space:nowrap\">1000<a name=\"lk-core-postalcodes-cs-1000\"> </a></td><td>Colombo 11-Colombo</td></tr><tr><td style=\"white-space:nowrap\">1100<a name=\"lk-core-postalcodes-cs-1100\"> </a></td><td>Colombo 12-Colombo</td></tr><tr><td style=\"white-space:nowrap\">1200<a name=\"lk-core-postalcodes-cs-1200\"> </a></td><td>Colombo 13-Colombo</td></tr><tr><td style=\"white-space:nowrap\">1300<a name=\"lk-core-postalcodes-cs-1300\"> </a></td><td>Colombo 14-Colombo</td></tr><tr><td style=\"white-space:nowrap\">1400<a name=\"lk-core-postalcodes-cs-1400\"> </a></td><td>Colombo 15-Colombo</td></tr><tr><td style=\"white-space:nowrap\">1500<a name=\"lk-core-postalcodes-cs-1500\"> </a></td><td>Akarawita-Colombo</td></tr><tr><td style=\"white-space:nowrap\">10732<a name=\"lk-core-postalcodes-cs-10732\"> </a></td><td>Athurugiriya-Colombo</td></tr><tr><td style=\"white-space:nowrap\">10150<a name=\"lk-core-postalcodes-cs-10150\"> </a></td><td>Avissawella-Colombo</td></tr><tr><td style=\"white-space:nowrap\">10700<a name=\"lk-core-postalcodes-cs-10700\"> </a></td><td>Batawala-Colombo</td></tr><tr><td style=\"white-space:nowrap\">10513<a name=\"lk-core-postalcodes-cs-10513\"> </a></td><td>Battaramulla-Colombo</td></tr><tr><td style=\"white-space:nowrap\">10120<a name=\"lk-core-postalcodes-cs-10120\"> </a></td><td>Batugampola-Colombo</td></tr><tr><td style=\"white-space:nowrap\">10526<a name=\"lk-core-postalcodes-cs-10526\"> </a></td><td>Bope-Colombo</td></tr><tr><td style=\"white-space:nowrap\">10522<a name=\"lk-core-postalcodes-cs-10522\"> </a></td><td>Boralesgamuwa-Colombo</td></tr><tr><td style=\"white-space:nowrap\">10290<a name=\"lk-core-postalcodes-cs-10290\"> </a></td><td>Dedigamuwa-Colombo</td></tr><tr><td style=\"white-space:nowrap\">10656<a name=\"lk-core-postalcodes-cs-10656\"> </a></td><td>Dehiwala-Colombo</td></tr><tr><td style=\"white-space:nowrap\">10350<a name=\"lk-core-postalcodes-cs-10350\"> </a></td><td>Deltara-Colombo</td></tr><tr><td style=\"white-space:nowrap\">10302<a name=\"lk-core-postalcodes-cs-10302\"> </a></td><td>Habarakada-Colombo</td></tr><tr><td style=\"white-space:nowrap\">10204<a name=\"lk-core-postalcodes-cs-10204\"> </a></td><td>Handapangoda-Colombo</td></tr><tr><td style=\"white-space:nowrap\">10524<a name=\"lk-core-postalcodes-cs-10524\"> </a></td><td>Hanwella-Colombo</td></tr><tr><td style=\"white-space:nowrap\">10650<a name=\"lk-core-postalcodes-cs-10650\"> </a></td><td>Hewainna-Colombo</td></tr><tr><td style=\"white-space:nowrap\">10714<a name=\"lk-core-postalcodes-cs-10714\"> </a></td><td>Hiripitya-Colombo</td></tr><tr><td style=\"white-space:nowrap\">10232<a name=\"lk-core-postalcodes-cs-10232\"> </a></td><td>Hokandara-Colombo</td></tr><tr><td style=\"white-space:nowrap\">10118<a name=\"lk-core-postalcodes-cs-10118\"> </a></td><td>Homagama-Colombo</td></tr><tr><td style=\"white-space:nowrap\">10200<a name=\"lk-core-postalcodes-cs-10200\"> </a></td><td>Horagala-Colombo</td></tr><tr><td style=\"white-space:nowrap\">10502<a name=\"lk-core-postalcodes-cs-10502\"> </a></td><td>Kaduwela-Colombo</td></tr><tr><td style=\"white-space:nowrap\">10640<a name=\"lk-core-postalcodes-cs-10640\"> </a></td><td>Kahawala-Colombo</td></tr><tr><td style=\"white-space:nowrap\">10508<a name=\"lk-core-postalcodes-cs-10508\"> </a></td><td>Kalatuwawa-Colombo</td></tr><tr><td style=\"white-space:nowrap\">10718<a name=\"lk-core-postalcodes-cs-10718\"> </a></td><td>Kiriwattuduwa-Colombo</td></tr><tr><td style=\"white-space:nowrap\">10208<a name=\"lk-core-postalcodes-cs-10208\"> </a></td><td>Kolonnawa-Colombo</td></tr><tr><td style=\"white-space:nowrap\">10600<a name=\"lk-core-postalcodes-cs-10600\"> </a></td><td>Kosgama-Colombo</td></tr><tr><td style=\"white-space:nowrap\">10730<a name=\"lk-core-postalcodes-cs-10730\"> </a></td><td>Madapatha-Colombo</td></tr><tr><td style=\"white-space:nowrap\">10306<a name=\"lk-core-postalcodes-cs-10306\"> </a></td><td>Maharagama-Colombo</td></tr><tr><td style=\"white-space:nowrap\">10280<a name=\"lk-core-postalcodes-cs-10280\"> </a></td><td>Malabe-Colombo</td></tr><tr><td style=\"white-space:nowrap\">10115<a name=\"lk-core-postalcodes-cs-10115\"> </a></td><td>Meegoda-Colombo</td></tr><tr><td style=\"white-space:nowrap\">10504<a name=\"lk-core-postalcodes-cs-10504\"> </a></td><td>Moratuwa-Colombo</td></tr><tr><td style=\"white-space:nowrap\">10400<a name=\"lk-core-postalcodes-cs-10400\"> </a></td><td>Mount Lavinia-Colombo</td></tr><tr><td style=\"white-space:nowrap\">10370<a name=\"lk-core-postalcodes-cs-10370\"> </a></td><td>Mullegama-Colombo</td></tr><tr><td style=\"white-space:nowrap\">10202<a name=\"lk-core-postalcodes-cs-10202\"> </a></td><td>Mulleriyawa New Town-Colombo</td></tr><tr><td style=\"white-space:nowrap\">10620<a name=\"lk-core-postalcodes-cs-10620\"> </a></td><td>Mutwal-Colombo</td></tr><tr><td style=\"white-space:nowrap\">10704<a name=\"lk-core-postalcodes-cs-10704\"> </a></td><td>Nugegoda-Colombo</td></tr><tr><td style=\"white-space:nowrap\">10250<a name=\"lk-core-postalcodes-cs-10250\"> </a></td><td>Padukka-Colombo</td></tr><tr><td style=\"white-space:nowrap\">10500<a name=\"lk-core-postalcodes-cs-10500\"> </a></td><td>Pannipitiya-Colombo</td></tr><tr><td style=\"white-space:nowrap\">10230<a name=\"lk-core-postalcodes-cs-10230\"> </a></td><td>Piliyandala-Colombo</td></tr><tr><td style=\"white-space:nowrap\">10300<a name=\"lk-core-postalcodes-cs-10300\"> </a></td><td>Pitipana Homagama-Colombo</td></tr><tr><td style=\"white-space:nowrap\">10206<a name=\"lk-core-postalcodes-cs-10206\"> </a></td><td>Polgasowita-Colombo</td></tr><tr><td style=\"white-space:nowrap\">10320<a name=\"lk-core-postalcodes-cs-10320\"> </a></td><td>Puwakpitiya-Colombo</td></tr><tr><td style=\"white-space:nowrap\">10712<a name=\"lk-core-postalcodes-cs-10712\"> </a></td><td>Ranala-Colombo</td></tr><tr><td style=\"white-space:nowrap\">10654<a name=\"lk-core-postalcodes-cs-10654\"> </a></td><td>Siddamulla-Colombo</td></tr><tr><td style=\"white-space:nowrap\">10304<a name=\"lk-core-postalcodes-cs-10304\"> </a></td><td>Sri Jayawardenepu-Colombo</td></tr><tr><td style=\"white-space:nowrap\">10100<a name=\"lk-core-postalcodes-cs-10100\"> </a></td><td>Talawatugoda-Colombo</td></tr><tr><td style=\"white-space:nowrap\">10116<a name=\"lk-core-postalcodes-cs-10116\"> </a></td><td>Tummodara-Colombo</td></tr><tr><td style=\"white-space:nowrap\">10682<a name=\"lk-core-postalcodes-cs-10682\"> </a></td><td>Waga-Colombo</td></tr><tr><td style=\"white-space:nowrap\">10680<a name=\"lk-core-postalcodes-cs-10680\"> </a></td><td>Watareka-Colombo</td></tr><tr><td style=\"white-space:nowrap\">10511<a name=\"lk-core-postalcodes-cs-10511\"> </a></td><td>Akurana-Kandy</td></tr><tr><td style=\"white-space:nowrap\">20850<a name=\"lk-core-postalcodes-cs-20850\"> </a></td><td>Alawatugoda-Kandy</td></tr><tr><td style=\"white-space:nowrap\">20140<a name=\"lk-core-postalcodes-cs-20140\"> </a></td><td>Aludeniya-Kandy</td></tr><tr><td style=\"white-space:nowrap\">20062<a name=\"lk-core-postalcodes-cs-20062\"> </a></td><td>Ambagahapelessa-Kandy</td></tr><tr><td style=\"white-space:nowrap\">20986<a name=\"lk-core-postalcodes-cs-20986\"> </a></td><td>Ambatenna-Kandy</td></tr><tr><td style=\"white-space:nowrap\">20136<a name=\"lk-core-postalcodes-cs-20136\"> </a></td><td>Ampitiya-Kandy</td></tr><tr><td style=\"white-space:nowrap\">20160<a name=\"lk-core-postalcodes-cs-20160\"> </a></td><td>Ankumbura-Kandy</td></tr><tr><td style=\"white-space:nowrap\">20150<a name=\"lk-core-postalcodes-cs-20150\"> </a></td><td>Atabage-Kandy</td></tr><tr><td style=\"white-space:nowrap\">20574<a name=\"lk-core-postalcodes-cs-20574\"> </a></td><td>Balana-Kandy</td></tr><tr><td style=\"white-space:nowrap\">20308<a name=\"lk-core-postalcodes-cs-20308\"> </a></td><td>Bambaragahaela-Kandy</td></tr><tr><td style=\"white-space:nowrap\">20644<a name=\"lk-core-postalcodes-cs-20644\"> </a></td><td>Barawardhana Oya-Kandy</td></tr><tr><td style=\"white-space:nowrap\">20967<a name=\"lk-core-postalcodes-cs-20967\"> </a></td><td>Batagolladeniya-Kandy</td></tr><tr><td style=\"white-space:nowrap\">20154<a name=\"lk-core-postalcodes-cs-20154\"> </a></td><td>Batugoda-Kandy</td></tr><tr><td style=\"white-space:nowrap\">20132<a name=\"lk-core-postalcodes-cs-20132\"> </a></td><td>Batumulla-Kandy</td></tr><tr><td style=\"white-space:nowrap\">20966<a name=\"lk-core-postalcodes-cs-20966\"> </a></td><td>Bawlana-Kandy</td></tr><tr><td style=\"white-space:nowrap\">20218<a name=\"lk-core-postalcodes-cs-20218\"> </a></td><td>Bopana-Kandy</td></tr><tr><td style=\"white-space:nowrap\">20932<a name=\"lk-core-postalcodes-cs-20932\"> </a></td><td>Danture-Kandy</td></tr><tr><td style=\"white-space:nowrap\">20465<a name=\"lk-core-postalcodes-cs-20465\"> </a></td><td>Dedunupitiya-Kandy</td></tr><tr><td style=\"white-space:nowrap\">20068<a name=\"lk-core-postalcodes-cs-20068\"> </a></td><td>Dekinda-Kandy</td></tr><tr><td style=\"white-space:nowrap\">20658<a name=\"lk-core-postalcodes-cs-20658\"> </a></td><td>Deltota-Kandy</td></tr><tr><td style=\"white-space:nowrap\">20430<a name=\"lk-core-postalcodes-cs-20430\"> </a></td><td>Dolapihilla-Kandy</td></tr><tr><td style=\"white-space:nowrap\">20126<a name=\"lk-core-postalcodes-cs-20126\"> </a></td><td>Dolosbage-Kandy</td></tr><tr><td style=\"white-space:nowrap\">20510<a name=\"lk-core-postalcodes-cs-20510\"> </a></td><td>Doluwa-Kandy</td></tr><tr><td style=\"white-space:nowrap\">20532<a name=\"lk-core-postalcodes-cs-20532\"> </a></td><td>Doragamuwa-Kandy</td></tr><tr><td style=\"white-space:nowrap\">20816<a name=\"lk-core-postalcodes-cs-20816\"> </a></td><td>Dunuwila-Kandy</td></tr><tr><td style=\"white-space:nowrap\">20824<a name=\"lk-core-postalcodes-cs-20824\"> </a></td><td>Ekiriya-Kandy</td></tr><tr><td style=\"white-space:nowrap\">20732<a name=\"lk-core-postalcodes-cs-20732\"> </a></td><td>Elamulla-Kandy</td></tr><tr><td style=\"white-space:nowrap\">20742<a name=\"lk-core-postalcodes-cs-20742\"> </a></td><td>Etulgama-Kandy</td></tr><tr><td style=\"white-space:nowrap\">20202<a name=\"lk-core-postalcodes-cs-20202\"> </a></td><td>Galaboda-Kandy</td></tr><tr><td style=\"white-space:nowrap\">20664<a name=\"lk-core-postalcodes-cs-20664\"> </a></td><td>Galagedara-Kandy</td></tr><tr><td style=\"white-space:nowrap\">20100<a name=\"lk-core-postalcodes-cs-20100\"> </a></td><td>Galaha-Kandy</td></tr><tr><td style=\"white-space:nowrap\">20420<a name=\"lk-core-postalcodes-cs-20420\"> </a></td><td>Galhinna-Kandy</td></tr><tr><td style=\"white-space:nowrap\">20152<a name=\"lk-core-postalcodes-cs-20152\"> </a></td><td>Gallellagama-Kandy</td></tr><tr><td style=\"white-space:nowrap\">20095<a name=\"lk-core-postalcodes-cs-20095\"> </a></td><td>Gampola-Kandy</td></tr><tr><td style=\"white-space:nowrap\">20500<a name=\"lk-core-postalcodes-cs-20500\"> </a></td><td>Gelioya-Kandy</td></tr><tr><td style=\"white-space:nowrap\">20620<a name=\"lk-core-postalcodes-cs-20620\"> </a></td><td>Godamunna-Kandy</td></tr><tr><td style=\"white-space:nowrap\">20214<a name=\"lk-core-postalcodes-cs-20214\"> </a></td><td>Gomagoda-Kandy</td></tr><tr><td style=\"white-space:nowrap\">20184<a name=\"lk-core-postalcodes-cs-20184\"> </a></td><td>Gonagantenna-Kandy</td></tr><tr><td style=\"white-space:nowrap\">20712<a name=\"lk-core-postalcodes-cs-20712\"> </a></td><td>Gonawalapatana-Kandy</td></tr><tr><td style=\"white-space:nowrap\">20656<a name=\"lk-core-postalcodes-cs-20656\"> </a></td><td>Gunnepana-Kandy</td></tr><tr><td style=\"white-space:nowrap\">20270<a name=\"lk-core-postalcodes-cs-20270\"> </a></td><td>Gurudeniya-Kandy</td></tr><tr><td style=\"white-space:nowrap\">20189<a name=\"lk-core-postalcodes-cs-20189\"> </a></td><td>Halloluwa-Kandy</td></tr><tr><td style=\"white-space:nowrap\">20032<a name=\"lk-core-postalcodes-cs-20032\"> </a></td><td>Handaganawa-Kandy</td></tr><tr><td style=\"white-space:nowrap\">20984<a name=\"lk-core-postalcodes-cs-20984\"> </a></td><td>Handawalapitiya-Kandy</td></tr><tr><td style=\"white-space:nowrap\">20438<a name=\"lk-core-postalcodes-cs-20438\"> </a></td><td>Handessa-Kandy</td></tr><tr><td style=\"white-space:nowrap\">20480<a name=\"lk-core-postalcodes-cs-20480\"> </a></td><td>Hanguranketha-Kandy</td></tr><tr><td style=\"white-space:nowrap\">20710<a name=\"lk-core-postalcodes-cs-20710\"> </a></td><td>Harankahawa-Kandy</td></tr><tr><td style=\"white-space:nowrap\">20092<a name=\"lk-core-postalcodes-cs-20092\"> </a></td><td>Hasalaka-Kandy</td></tr><tr><td style=\"white-space:nowrap\">20960<a name=\"lk-core-postalcodes-cs-20960\"> </a></td><td>Hataraliyadda-Kandy</td></tr><tr><td style=\"white-space:nowrap\">20060<a name=\"lk-core-postalcodes-cs-20060\"> </a></td><td>Hewaheta-Kandy</td></tr><tr><td style=\"white-space:nowrap\">20440<a name=\"lk-core-postalcodes-cs-20440\"> </a></td><td>Hindagala-Kandy</td></tr><tr><td style=\"white-space:nowrap\">20414<a name=\"lk-core-postalcodes-cs-20414\"> </a></td><td>Hondiyadeniya-Kandy</td></tr><tr><td style=\"white-space:nowrap\">20524<a name=\"lk-core-postalcodes-cs-20524\"> </a></td><td>Hunnasgiriya-Kandy</td></tr><tr><td style=\"white-space:nowrap\">20948<a name=\"lk-core-postalcodes-cs-20948\"> </a></td><td>lhala Kobbekaduwa-Kandy</td></tr><tr><td style=\"white-space:nowrap\">20042<a name=\"lk-core-postalcodes-cs-20042\"> </a></td><td>lllagolla-Kandy</td></tr><tr><td style=\"white-space:nowrap\">20724<a name=\"lk-core-postalcodes-cs-20724\"> </a></td><td>Jambugahapitiya-Kandy</td></tr><tr><td style=\"white-space:nowrap\">20822<a name=\"lk-core-postalcodes-cs-20822\"> </a></td><td>Kadugannawa-Kandy</td></tr><tr><td style=\"white-space:nowrap\">20300<a name=\"lk-core-postalcodes-cs-20300\"> </a></td><td>Kahataliyadda-Kandy</td></tr><tr><td style=\"white-space:nowrap\">20924<a name=\"lk-core-postalcodes-cs-20924\"> </a></td><td>Kalugala-Kandy</td></tr><tr><td style=\"white-space:nowrap\">20926<a name=\"lk-core-postalcodes-cs-20926\"> </a></td><td>Kandy-Kandy</td></tr><tr><td style=\"white-space:nowrap\">20000<a name=\"lk-core-postalcodes-cs-20000\"> </a></td><td>Kapuliyadde-Kandy</td></tr><tr><td style=\"white-space:nowrap\">20206<a name=\"lk-core-postalcodes-cs-20206\"> </a></td><td>Karandagolla-Kandy</td></tr><tr><td style=\"white-space:nowrap\">20738<a name=\"lk-core-postalcodes-cs-20738\"> </a></td><td>Katugastota-Kandy</td></tr><tr><td style=\"white-space:nowrap\">20800<a name=\"lk-core-postalcodes-cs-20800\"> </a></td><td>Kengalla-Kandy</td></tr><tr><td style=\"white-space:nowrap\">20186<a name=\"lk-core-postalcodes-cs-20186\"> </a></td><td>Ketakumbura-Kandy</td></tr><tr><td style=\"white-space:nowrap\">20306<a name=\"lk-core-postalcodes-cs-20306\"> </a></td><td>Ketawala Leula-Kandy</td></tr><tr><td style=\"white-space:nowrap\">20198<a name=\"lk-core-postalcodes-cs-20198\"> </a></td><td>Kiribathkumbura-Kandy</td></tr><tr><td style=\"white-space:nowrap\">20442<a name=\"lk-core-postalcodes-cs-20442\"> </a></td><td>Kobonila-Kandy</td></tr><tr><td style=\"white-space:nowrap\">20928<a name=\"lk-core-postalcodes-cs-20928\"> </a></td><td>Kolabissa-Kandy</td></tr><tr><td style=\"white-space:nowrap\">20212<a name=\"lk-core-postalcodes-cs-20212\"> </a></td><td>Kolongoda-Kandy</td></tr><tr><td style=\"white-space:nowrap\">20971<a name=\"lk-core-postalcodes-cs-20971\"> </a></td><td>Kulugammana-Kandy</td></tr><tr><td style=\"white-space:nowrap\">20048<a name=\"lk-core-postalcodes-cs-20048\"> </a></td><td>Kumbukkandura-Kandy</td></tr><tr><td style=\"white-space:nowrap\">20902<a name=\"lk-core-postalcodes-cs-20902\"> </a></td><td>Kumburegama-Kandy</td></tr><tr><td style=\"white-space:nowrap\">20086<a name=\"lk-core-postalcodes-cs-20086\"> </a></td><td>Kundasale-Kandy</td></tr><tr><td style=\"white-space:nowrap\">20168<a name=\"lk-core-postalcodes-cs-20168\"> </a></td><td>Leemagahakotuwa-Kandy</td></tr><tr><td style=\"white-space:nowrap\">20482<a name=\"lk-core-postalcodes-cs-20482\"> </a></td><td>Lunuketiya Maditta-Kandy</td></tr><tr><td style=\"white-space:nowrap\">20172<a name=\"lk-core-postalcodes-cs-20172\"> </a></td><td>Madawala Bazaar-Kandy</td></tr><tr><td style=\"white-space:nowrap\">20260<a name=\"lk-core-postalcodes-cs-20260\"> </a></td><td>Madugalla-Kandy</td></tr><tr><td style=\"white-space:nowrap\">20938<a name=\"lk-core-postalcodes-cs-20938\"> </a></td><td>Madulkele-Kandy</td></tr><tr><td style=\"white-space:nowrap\">20840<a name=\"lk-core-postalcodes-cs-20840\"> </a></td><td>Mahadoraliyadda-Kandy</td></tr><tr><td style=\"white-space:nowrap\">20945<a name=\"lk-core-postalcodes-cs-20945\"> </a></td><td>Mahamedagama-Kandy</td></tr><tr><td style=\"white-space:nowrap\">20216<a name=\"lk-core-postalcodes-cs-20216\"> </a></td><td>Mailapitiya-Kandy</td></tr><tr><td style=\"white-space:nowrap\">20702<a name=\"lk-core-postalcodes-cs-20702\"> </a></td><td>Makkanigama-Kandy</td></tr><tr><td style=\"white-space:nowrap\">20828<a name=\"lk-core-postalcodes-cs-20828\"> </a></td><td>Makuldeniya-Kandy</td></tr><tr><td style=\"white-space:nowrap\">20921<a name=\"lk-core-postalcodes-cs-20921\"> </a></td><td>Mandaram Nuwara-Kandy</td></tr><tr><td style=\"white-space:nowrap\">20744<a name=\"lk-core-postalcodes-cs-20744\"> </a></td><td>Mapakanda-Kandy</td></tr><tr><td style=\"white-space:nowrap\">20662<a name=\"lk-core-postalcodes-cs-20662\"> </a></td><td>Marassana-Kandy</td></tr><tr><td style=\"white-space:nowrap\">20210<a name=\"lk-core-postalcodes-cs-20210\"> </a></td><td>Marymount Colony-Kandy</td></tr><tr><td style=\"white-space:nowrap\">20714<a name=\"lk-core-postalcodes-cs-20714\"> </a></td><td>Maturata-Kandy</td></tr><tr><td style=\"white-space:nowrap\">20748<a name=\"lk-core-postalcodes-cs-20748\"> </a></td><td>Mawatura-Kandy</td></tr><tr><td style=\"white-space:nowrap\">20564<a name=\"lk-core-postalcodes-cs-20564\"> </a></td><td>Medamahanuwara-Kandy</td></tr><tr><td style=\"white-space:nowrap\">20940<a name=\"lk-core-postalcodes-cs-20940\"> </a></td><td>Medawala Harispattuwa-Kandy</td></tr><tr><td style=\"white-space:nowrap\">20120<a name=\"lk-core-postalcodes-cs-20120\"> </a></td><td>Meetalawa-Kandy</td></tr><tr><td style=\"white-space:nowrap\">20512<a name=\"lk-core-postalcodes-cs-20512\"> </a></td><td>Megoda Kalugamuwa-Kandy</td></tr><tr><td style=\"white-space:nowrap\">20409<a name=\"lk-core-postalcodes-cs-20409\"> </a></td><td>Menikdiwela-Kandy</td></tr><tr><td style=\"white-space:nowrap\">20470<a name=\"lk-core-postalcodes-cs-20470\"> </a></td><td>Menikhinna-Kandy</td></tr><tr><td style=\"white-space:nowrap\">20170<a name=\"lk-core-postalcodes-cs-20170\"> </a></td><td>Mimure-Kandy</td></tr><tr><td style=\"white-space:nowrap\">20923<a name=\"lk-core-postalcodes-cs-20923\"> </a></td><td>Minigamuwa-Kandy</td></tr><tr><td style=\"white-space:nowrap\">20109<a name=\"lk-core-postalcodes-cs-20109\"> </a></td><td>Minipe-Kandy</td></tr><tr><td style=\"white-space:nowrap\">20983<a name=\"lk-core-postalcodes-cs-20983\"> </a></td><td>Murutalawa-Kandy</td></tr><tr><td style=\"white-space:nowrap\">20232<a name=\"lk-core-postalcodes-cs-20232\"> </a></td><td>Muruthagahamulla-Kandy</td></tr><tr><td style=\"white-space:nowrap\">20526<a name=\"lk-core-postalcodes-cs-20526\"> </a></td><td>Naranpanawa-Kandy</td></tr><tr><td style=\"white-space:nowrap\">20176<a name=\"lk-core-postalcodes-cs-20176\"> </a></td><td>Nattarampotha-Kandy</td></tr><tr><td style=\"white-space:nowrap\">20194<a name=\"lk-core-postalcodes-cs-20194\"> </a></td><td>Nawalapitiya-Kandy</td></tr><tr><td style=\"white-space:nowrap\">20650<a name=\"lk-core-postalcodes-cs-20650\"> </a></td><td>Nillambe-Kandy</td></tr><tr><td style=\"white-space:nowrap\">20418<a name=\"lk-core-postalcodes-cs-20418\"> </a></td><td>Nugaliyadda-Kandy</td></tr><tr><td style=\"white-space:nowrap\">20204<a name=\"lk-core-postalcodes-cs-20204\"> </a></td><td>Nugawela-Kandy</td></tr><tr><td style=\"white-space:nowrap\">20072<a name=\"lk-core-postalcodes-cs-20072\"> </a></td><td>Pallebowala-Kandy</td></tr><tr><td style=\"white-space:nowrap\">20734<a name=\"lk-core-postalcodes-cs-20734\"> </a></td><td>Pallekotuwa-Kandy</td></tr><tr><td style=\"white-space:nowrap\">20084<a name=\"lk-core-postalcodes-cs-20084\"> </a></td><td>Panvila-Kandy</td></tr><tr><td style=\"white-space:nowrap\">20830<a name=\"lk-core-postalcodes-cs-20830\"> </a></td><td>Panwilatenna-Kandy</td></tr><tr><td style=\"white-space:nowrap\">20544<a name=\"lk-core-postalcodes-cs-20544\"> </a></td><td>Paradeka-Kandy</td></tr><tr><td style=\"white-space:nowrap\">20578<a name=\"lk-core-postalcodes-cs-20578\"> </a></td><td>Pasbage-Kandy</td></tr><tr><td style=\"white-space:nowrap\">20654<a name=\"lk-core-postalcodes-cs-20654\"> </a></td><td>Pattitalawa-Kandy</td></tr><tr><td style=\"white-space:nowrap\">20511<a name=\"lk-core-postalcodes-cs-20511\"> </a></td><td>Pattiya Watta-Kandy</td></tr><tr><td style=\"white-space:nowrap\">20118<a name=\"lk-core-postalcodes-cs-20118\"> </a></td><td>Peradeniya-Kandy</td></tr><tr><td style=\"white-space:nowrap\">20400<a name=\"lk-core-postalcodes-cs-20400\"> </a></td><td>Pilawala-Kandy</td></tr><tr><td style=\"white-space:nowrap\">20196<a name=\"lk-core-postalcodes-cs-20196\"> </a></td><td>Pilimatalawa-Kandy</td></tr><tr><td style=\"white-space:nowrap\">20450<a name=\"lk-core-postalcodes-cs-20450\"> </a></td><td>Poholiyadda-Kandy</td></tr><tr><td style=\"white-space:nowrap\">20106<a name=\"lk-core-postalcodes-cs-20106\"> </a></td><td>Polgolla-Kandy</td></tr><tr><td style=\"white-space:nowrap\">20250<a name=\"lk-core-postalcodes-cs-20250\"> </a></td><td>Pujapitiya-Kandy</td></tr><tr><td style=\"white-space:nowrap\">20112<a name=\"lk-core-postalcodes-cs-20112\"> </a></td><td>Pupuressa-Kandy</td></tr><tr><td style=\"white-space:nowrap\">20546<a name=\"lk-core-postalcodes-cs-20546\"> </a></td><td>Pussellawa-Kandy</td></tr><tr><td style=\"white-space:nowrap\">20580<a name=\"lk-core-postalcodes-cs-20580\"> </a></td><td>Putuhapuwa-Kandy</td></tr><tr><td style=\"white-space:nowrap\">20906<a name=\"lk-core-postalcodes-cs-20906\"> </a></td><td>Rajawella-Kandy</td></tr><tr><td style=\"white-space:nowrap\">20180<a name=\"lk-core-postalcodes-cs-20180\"> </a></td><td>Rambukpitiya-Kandy</td></tr><tr><td style=\"white-space:nowrap\">20676<a name=\"lk-core-postalcodes-cs-20676\"> </a></td><td>Rambukwella-Kandy</td></tr><tr><td style=\"white-space:nowrap\">20128<a name=\"lk-core-postalcodes-cs-20128\"> </a></td><td>Rangala-Kandy</td></tr><tr><td style=\"white-space:nowrap\">20922<a name=\"lk-core-postalcodes-cs-20922\"> </a></td><td>Rantembe-Kandy</td></tr><tr><td style=\"white-space:nowrap\">20990<a name=\"lk-core-postalcodes-cs-20990\"> </a></td><td>Rathukohodigala-Kandy</td></tr><tr><td style=\"white-space:nowrap\">20818<a name=\"lk-core-postalcodes-cs-20818\"> </a></td><td>Rikillagaskada-Kandy</td></tr><tr><td style=\"white-space:nowrap\">20730<a name=\"lk-core-postalcodes-cs-20730\"> </a></td><td>Sangarajapura-Kandy</td></tr><tr><td style=\"white-space:nowrap\">20044<a name=\"lk-core-postalcodes-cs-20044\"> </a></td><td>Senarathwela-Kandy</td></tr><tr><td style=\"white-space:nowrap\">20904<a name=\"lk-core-postalcodes-cs-20904\"> </a></td><td>Talatuoya-Kandy</td></tr><tr><td style=\"white-space:nowrap\">20200<a name=\"lk-core-postalcodes-cs-20200\"> </a></td><td>Tawalantenna-Kandy</td></tr><tr><td style=\"white-space:nowrap\">20838<a name=\"lk-core-postalcodes-cs-20838\"> </a></td><td>Teldeniya-Kandy</td></tr><tr><td style=\"white-space:nowrap\">20900<a name=\"lk-core-postalcodes-cs-20900\"> </a></td><td>Tennekumbura-Kandy</td></tr><tr><td style=\"white-space:nowrap\">20166<a name=\"lk-core-postalcodes-cs-20166\"> </a></td><td>Uda Peradeniya-Kandy</td></tr><tr><td style=\"white-space:nowrap\">20404<a name=\"lk-core-postalcodes-cs-20404\"> </a></td><td>Udahentenna-Kandy</td></tr><tr><td style=\"white-space:nowrap\">20506<a name=\"lk-core-postalcodes-cs-20506\"> </a></td><td>Udahingulwala-Kandy</td></tr><tr><td style=\"white-space:nowrap\">20094<a name=\"lk-core-postalcodes-cs-20094\"> </a></td><td>Udatalawinna-Kandy</td></tr><tr><td style=\"white-space:nowrap\">20802<a name=\"lk-core-postalcodes-cs-20802\"> </a></td><td>Udawatta-Kandy</td></tr><tr><td style=\"white-space:nowrap\">20722<a name=\"lk-core-postalcodes-cs-20722\"> </a></td><td>Udispattuwa-Kandy</td></tr><tr><td style=\"white-space:nowrap\">20916<a name=\"lk-core-postalcodes-cs-20916\"> </a></td><td>Ududumbara-Kandy</td></tr><tr><td style=\"white-space:nowrap\">20950<a name=\"lk-core-postalcodes-cs-20950\"> </a></td><td>Uduwa-Kandy</td></tr><tr><td style=\"white-space:nowrap\">20052<a name=\"lk-core-postalcodes-cs-20052\"> </a></td><td>Uduwahinna-Kandy</td></tr><tr><td style=\"white-space:nowrap\">20934<a name=\"lk-core-postalcodes-cs-20934\"> </a></td><td>Uduwela-Kandy</td></tr><tr><td style=\"white-space:nowrap\">20164<a name=\"lk-core-postalcodes-cs-20164\"> </a></td><td>Ulapane-Kandy</td></tr><tr><td style=\"white-space:nowrap\">20562<a name=\"lk-core-postalcodes-cs-20562\"> </a></td><td>Ulpothagama-Kandy</td></tr><tr><td style=\"white-space:nowrap\">20965<a name=\"lk-core-postalcodes-cs-20965\"> </a></td><td>Unuwinna-Kandy</td></tr><tr><td style=\"white-space:nowrap\">20708<a name=\"lk-core-postalcodes-cs-20708\"> </a></td><td>Velamboda-Kandy</td></tr><tr><td style=\"white-space:nowrap\">20640<a name=\"lk-core-postalcodes-cs-20640\"> </a></td><td>Wattappola-Kandy</td></tr><tr><td style=\"white-space:nowrap\">20454<a name=\"lk-core-postalcodes-cs-20454\"> </a></td><td>Wattegama-Kandy</td></tr><tr><td style=\"white-space:nowrap\">20810<a name=\"lk-core-postalcodes-cs-20810\"> </a></td><td>Watagoda Harispattuwa-Kandy</td></tr><tr><td style=\"white-space:nowrap\">20134<a name=\"lk-core-postalcodes-cs-20134\"> </a></td><td>Weligalla-Kandy</td></tr><tr><td style=\"white-space:nowrap\">20610<a name=\"lk-core-postalcodes-cs-20610\"> </a></td><td>Weligampola-Kandy</td></tr><tr><td style=\"white-space:nowrap\">20666<a name=\"lk-core-postalcodes-cs-20666\"> </a></td><td>Wendaruwa-Kandy</td></tr><tr><td style=\"white-space:nowrap\">20914<a name=\"lk-core-postalcodes-cs-20914\"> </a></td><td>Weragantota-Kandy</td></tr><tr><td style=\"white-space:nowrap\">20982<a name=\"lk-core-postalcodes-cs-20982\"> </a></td><td>Werapitya-Kandy</td></tr><tr><td style=\"white-space:nowrap\">20908<a name=\"lk-core-postalcodes-cs-20908\"> </a></td><td>Werellagama-Kandy</td></tr><tr><td style=\"white-space:nowrap\">20080<a name=\"lk-core-postalcodes-cs-20080\"> </a></td><td>Wettawa-Kandy</td></tr><tr><td style=\"white-space:nowrap\">20108<a name=\"lk-core-postalcodes-cs-20108\"> </a></td><td>Wilanagama-Kandy</td></tr><tr><td style=\"white-space:nowrap\">20142<a name=\"lk-core-postalcodes-cs-20142\"> </a></td><td>Yahalatenna-Kandy</td></tr><tr><td style=\"white-space:nowrap\">20234<a name=\"lk-core-postalcodes-cs-20234\"> </a></td><td>Yatihalagala-Kandy</td></tr></table></div>"
  },
  "url" : "http://fhir.health.gov.lk/CodeSystem/lk-core-postalcodes-cs",
  "version" : "0.1.0",
  "name" : "LKCorePostalCodesCS",
  "title" : "LK Core Postalcodes Code System",
  "status" : "draft",
  "date" : "2023-07-19T00:18:27+05:30",
  "description" : "LK Core Postalcodes Code System",
  "content" : "complete",
  "count" : 226,
  "concept" : [{
    "code" : "100",
    "display" : "Colombo 02-Colombo"
  },
  {
    "code" : "200",
    "display" : "Colombo 03-Colombo"
  },
  {
    "code" : "300",
    "display" : "Colombo 04-Colombo"
  },
  {
    "code" : "400",
    "display" : "Colombo 05-Colombo"
  },
  {
    "code" : "500",
    "display" : "Colombo 06-Colombo"
  },
  {
    "code" : "600",
    "display" : "Colombo 07-Colombo"
  },
  {
    "code" : "700",
    "display" : "Colombo 08-Colombo"
  },
  {
    "code" : "800",
    "display" : "Colombo 09-Colombo"
  },
  {
    "code" : "900",
    "display" : "Colombo 10-Colombo"
  },
  {
    "code" : "1000",
    "display" : "Colombo 11-Colombo"
  },
  {
    "code" : "1100",
    "display" : "Colombo 12-Colombo"
  },
  {
    "code" : "1200",
    "display" : "Colombo 13-Colombo"
  },
  {
    "code" : "1300",
    "display" : "Colombo 14-Colombo"
  },
  {
    "code" : "1400",
    "display" : "Colombo 15-Colombo"
  },
  {
    "code" : "1500",
    "display" : "Akarawita-Colombo"
  },
  {
    "code" : "10732",
    "display" : "Athurugiriya-Colombo"
  },
  {
    "code" : "10150",
    "display" : "Avissawella-Colombo"
  },
  {
    "code" : "10700",
    "display" : "Batawala-Colombo"
  },
  {
    "code" : "10513",
    "display" : "Battaramulla-Colombo"
  },
  {
    "code" : "10120",
    "display" : "Batugampola-Colombo"
  },
  {
    "code" : "10526",
    "display" : "Bope-Colombo"
  },
  {
    "code" : "10522",
    "display" : "Boralesgamuwa-Colombo"
  },
  {
    "code" : "10290",
    "display" : "Dedigamuwa-Colombo"
  },
  {
    "code" : "10656",
    "display" : "Dehiwala-Colombo"
  },
  {
    "code" : "10350",
    "display" : "Deltara-Colombo"
  },
  {
    "code" : "10302",
    "display" : "Habarakada-Colombo"
  },
  {
    "code" : "10204",
    "display" : "Handapangoda-Colombo"
  },
  {
    "code" : "10524",
    "display" : "Hanwella-Colombo"
  },
  {
    "code" : "10650",
    "display" : "Hewainna-Colombo"
  },
  {
    "code" : "10714",
    "display" : "Hiripitya-Colombo"
  },
  {
    "code" : "10232",
    "display" : "Hokandara-Colombo"
  },
  {
    "code" : "10118",
    "display" : "Homagama-Colombo"
  },
  {
    "code" : "10200",
    "display" : "Horagala-Colombo"
  },
  {
    "code" : "10502",
    "display" : "Kaduwela-Colombo"
  },
  {
    "code" : "10640",
    "display" : "Kahawala-Colombo"
  },
  {
    "code" : "10508",
    "display" : "Kalatuwawa-Colombo"
  },
  {
    "code" : "10718",
    "display" : "Kiriwattuduwa-Colombo"
  },
  {
    "code" : "10208",
    "display" : "Kolonnawa-Colombo"
  },
  {
    "code" : "10600",
    "display" : "Kosgama-Colombo"
  },
  {
    "code" : "10730",
    "display" : "Madapatha-Colombo"
  },
  {
    "code" : "10306",
    "display" : "Maharagama-Colombo"
  },
  {
    "code" : "10280",
    "display" : "Malabe-Colombo"
  },
  {
    "code" : "10115",
    "display" : "Meegoda-Colombo"
  },
  {
    "code" : "10504",
    "display" : "Moratuwa-Colombo"
  },
  {
    "code" : "10400",
    "display" : "Mount Lavinia-Colombo"
  },
  {
    "code" : "10370",
    "display" : "Mullegama-Colombo"
  },
  {
    "code" : "10202",
    "display" : "Mulleriyawa New Town-Colombo"
  },
  {
    "code" : "10620",
    "display" : "Mutwal-Colombo"
  },
  {
    "code" : "10704",
    "display" : "Nugegoda-Colombo"
  },
  {
    "code" : "10250",
    "display" : "Padukka-Colombo"
  },
  {
    "code" : "10500",
    "display" : "Pannipitiya-Colombo"
  },
  {
    "code" : "10230",
    "display" : "Piliyandala-Colombo"
  },
  {
    "code" : "10300",
    "display" : "Pitipana Homagama-Colombo"
  },
  {
    "code" : "10206",
    "display" : "Polgasowita-Colombo"
  },
  {
    "code" : "10320",
    "display" : "Puwakpitiya-Colombo"
  },
  {
    "code" : "10712",
    "display" : "Ranala-Colombo"
  },
  {
    "code" : "10654",
    "display" : "Siddamulla-Colombo"
  },
  {
    "code" : "10304",
    "display" : "Sri Jayawardenepu-Colombo"
  },
  {
    "code" : "10100",
    "display" : "Talawatugoda-Colombo"
  },
  {
    "code" : "10116",
    "display" : "Tummodara-Colombo"
  },
  {
    "code" : "10682",
    "display" : "Waga-Colombo"
  },
  {
    "code" : "10680",
    "display" : "Watareka-Colombo"
  },
  {
    "code" : "10511",
    "display" : "Akurana-Kandy"
  },
  {
    "code" : "20850",
    "display" : "Alawatugoda-Kandy"
  },
  {
    "code" : "20140",
    "display" : "Aludeniya-Kandy"
  },
  {
    "code" : "20062",
    "display" : "Ambagahapelessa-Kandy"
  },
  {
    "code" : "20986",
    "display" : "Ambatenna-Kandy"
  },
  {
    "code" : "20136",
    "display" : "Ampitiya-Kandy"
  },
  {
    "code" : "20160",
    "display" : "Ankumbura-Kandy"
  },
  {
    "code" : "20150",
    "display" : "Atabage-Kandy"
  },
  {
    "code" : "20574",
    "display" : "Balana-Kandy"
  },
  {
    "code" : "20308",
    "display" : "Bambaragahaela-Kandy"
  },
  {
    "code" : "20644",
    "display" : "Barawardhana Oya-Kandy"
  },
  {
    "code" : "20967",
    "display" : "Batagolladeniya-Kandy"
  },
  {
    "code" : "20154",
    "display" : "Batugoda-Kandy"
  },
  {
    "code" : "20132",
    "display" : "Batumulla-Kandy"
  },
  {
    "code" : "20966",
    "display" : "Bawlana-Kandy"
  },
  {
    "code" : "20218",
    "display" : "Bopana-Kandy"
  },
  {
    "code" : "20932",
    "display" : "Danture-Kandy"
  },
  {
    "code" : "20465",
    "display" : "Dedunupitiya-Kandy"
  },
  {
    "code" : "20068",
    "display" : "Dekinda-Kandy"
  },
  {
    "code" : "20658",
    "display" : "Deltota-Kandy"
  },
  {
    "code" : "20430",
    "display" : "Dolapihilla-Kandy"
  },
  {
    "code" : "20126",
    "display" : "Dolosbage-Kandy"
  },
  {
    "code" : "20510",
    "display" : "Doluwa-Kandy"
  },
  {
    "code" : "20532",
    "display" : "Doragamuwa-Kandy"
  },
  {
    "code" : "20816",
    "display" : "Dunuwila-Kandy"
  },
  {
    "code" : "20824",
    "display" : "Ekiriya-Kandy"
  },
  {
    "code" : "20732",
    "display" : "Elamulla-Kandy"
  },
  {
    "code" : "20742",
    "display" : "Etulgama-Kandy"
  },
  {
    "code" : "20202",
    "display" : "Galaboda-Kandy"
  },
  {
    "code" : "20664",
    "display" : "Galagedara-Kandy"
  },
  {
    "code" : "20100",
    "display" : "Galaha-Kandy"
  },
  {
    "code" : "20420",
    "display" : "Galhinna-Kandy"
  },
  {
    "code" : "20152",
    "display" : "Gallellagama-Kandy"
  },
  {
    "code" : "20095",
    "display" : "Gampola-Kandy"
  },
  {
    "code" : "20500",
    "display" : "Gelioya-Kandy"
  },
  {
    "code" : "20620",
    "display" : "Godamunna-Kandy"
  },
  {
    "code" : "20214",
    "display" : "Gomagoda-Kandy"
  },
  {
    "code" : "20184",
    "display" : "Gonagantenna-Kandy"
  },
  {
    "code" : "20712",
    "display" : "Gonawalapatana-Kandy"
  },
  {
    "code" : "20656",
    "display" : "Gunnepana-Kandy"
  },
  {
    "code" : "20270",
    "display" : "Gurudeniya-Kandy"
  },
  {
    "code" : "20189",
    "display" : "Halloluwa-Kandy"
  },
  {
    "code" : "20032",
    "display" : "Handaganawa-Kandy"
  },
  {
    "code" : "20984",
    "display" : "Handawalapitiya-Kandy"
  },
  {
    "code" : "20438",
    "display" : "Handessa-Kandy"
  },
  {
    "code" : "20480",
    "display" : "Hanguranketha-Kandy"
  },
  {
    "code" : "20710",
    "display" : "Harankahawa-Kandy"
  },
  {
    "code" : "20092",
    "display" : "Hasalaka-Kandy"
  },
  {
    "code" : "20960",
    "display" : "Hataraliyadda-Kandy"
  },
  {
    "code" : "20060",
    "display" : "Hewaheta-Kandy"
  },
  {
    "code" : "20440",
    "display" : "Hindagala-Kandy"
  },
  {
    "code" : "20414",
    "display" : "Hondiyadeniya-Kandy"
  },
  {
    "code" : "20524",
    "display" : "Hunnasgiriya-Kandy"
  },
  {
    "code" : "20948",
    "display" : "lhala Kobbekaduwa-Kandy"
  },
  {
    "code" : "20042",
    "display" : "lllagolla-Kandy"
  },
  {
    "code" : "20724",
    "display" : "Jambugahapitiya-Kandy"
  },
  {
    "code" : "20822",
    "display" : "Kadugannawa-Kandy"
  },
  {
    "code" : "20300",
    "display" : "Kahataliyadda-Kandy"
  },
  {
    "code" : "20924",
    "display" : "Kalugala-Kandy"
  },
  {
    "code" : "20926",
    "display" : "Kandy-Kandy"
  },
  {
    "code" : "20000",
    "display" : "Kapuliyadde-Kandy"
  },
  {
    "code" : "20206",
    "display" : "Karandagolla-Kandy"
  },
  {
    "code" : "20738",
    "display" : "Katugastota-Kandy"
  },
  {
    "code" : "20800",
    "display" : "Kengalla-Kandy"
  },
  {
    "code" : "20186",
    "display" : "Ketakumbura-Kandy"
  },
  {
    "code" : "20306",
    "display" : "Ketawala Leula-Kandy"
  },
  {
    "code" : "20198",
    "display" : "Kiribathkumbura-Kandy"
  },
  {
    "code" : "20442",
    "display" : "Kobonila-Kandy"
  },
  {
    "code" : "20928",
    "display" : "Kolabissa-Kandy"
  },
  {
    "code" : "20212",
    "display" : "Kolongoda-Kandy"
  },
  {
    "code" : "20971",
    "display" : "Kulugammana-Kandy"
  },
  {
    "code" : "20048",
    "display" : "Kumbukkandura-Kandy"
  },
  {
    "code" : "20902",
    "display" : "Kumburegama-Kandy"
  },
  {
    "code" : "20086",
    "display" : "Kundasale-Kandy"
  },
  {
    "code" : "20168",
    "display" : "Leemagahakotuwa-Kandy"
  },
  {
    "code" : "20482",
    "display" : "Lunuketiya Maditta-Kandy"
  },
  {
    "code" : "20172",
    "display" : "Madawala Bazaar-Kandy"
  },
  {
    "code" : "20260",
    "display" : "Madugalla-Kandy"
  },
  {
    "code" : "20938",
    "display" : "Madulkele-Kandy"
  },
  {
    "code" : "20840",
    "display" : "Mahadoraliyadda-Kandy"
  },
  {
    "code" : "20945",
    "display" : "Mahamedagama-Kandy"
  },
  {
    "code" : "20216",
    "display" : "Mailapitiya-Kandy"
  },
  {
    "code" : "20702",
    "display" : "Makkanigama-Kandy"
  },
  {
    "code" : "20828",
    "display" : "Makuldeniya-Kandy"
  },
  {
    "code" : "20921",
    "display" : "Mandaram Nuwara-Kandy"
  },
  {
    "code" : "20744",
    "display" : "Mapakanda-Kandy"
  },
  {
    "code" : "20662",
    "display" : "Marassana-Kandy"
  },
  {
    "code" : "20210",
    "display" : "Marymount Colony-Kandy"
  },
  {
    "code" : "20714",
    "display" : "Maturata-Kandy"
  },
  {
    "code" : "20748",
    "display" : "Mawatura-Kandy"
  },
  {
    "code" : "20564",
    "display" : "Medamahanuwara-Kandy"
  },
  {
    "code" : "20940",
    "display" : "Medawala Harispattuwa-Kandy"
  },
  {
    "code" : "20120",
    "display" : "Meetalawa-Kandy"
  },
  {
    "code" : "20512",
    "display" : "Megoda Kalugamuwa-Kandy"
  },
  {
    "code" : "20409",
    "display" : "Menikdiwela-Kandy"
  },
  {
    "code" : "20470",
    "display" : "Menikhinna-Kandy"
  },
  {
    "code" : "20170",
    "display" : "Mimure-Kandy"
  },
  {
    "code" : "20923",
    "display" : "Minigamuwa-Kandy"
  },
  {
    "code" : "20109",
    "display" : "Minipe-Kandy"
  },
  {
    "code" : "20983",
    "display" : "Murutalawa-Kandy"
  },
  {
    "code" : "20232",
    "display" : "Muruthagahamulla-Kandy"
  },
  {
    "code" : "20526",
    "display" : "Naranpanawa-Kandy"
  },
  {
    "code" : "20176",
    "display" : "Nattarampotha-Kandy"
  },
  {
    "code" : "20194",
    "display" : "Nawalapitiya-Kandy"
  },
  {
    "code" : "20650",
    "display" : "Nillambe-Kandy"
  },
  {
    "code" : "20418",
    "display" : "Nugaliyadda-Kandy"
  },
  {
    "code" : "20204",
    "display" : "Nugawela-Kandy"
  },
  {
    "code" : "20072",
    "display" : "Pallebowala-Kandy"
  },
  {
    "code" : "20734",
    "display" : "Pallekotuwa-Kandy"
  },
  {
    "code" : "20084",
    "display" : "Panvila-Kandy"
  },
  {
    "code" : "20830",
    "display" : "Panwilatenna-Kandy"
  },
  {
    "code" : "20544",
    "display" : "Paradeka-Kandy"
  },
  {
    "code" : "20578",
    "display" : "Pasbage-Kandy"
  },
  {
    "code" : "20654",
    "display" : "Pattitalawa-Kandy"
  },
  {
    "code" : "20511",
    "display" : "Pattiya Watta-Kandy"
  },
  {
    "code" : "20118",
    "display" : "Peradeniya-Kandy"
  },
  {
    "code" : "20400",
    "display" : "Pilawala-Kandy"
  },
  {
    "code" : "20196",
    "display" : "Pilimatalawa-Kandy"
  },
  {
    "code" : "20450",
    "display" : "Poholiyadda-Kandy"
  },
  {
    "code" : "20106",
    "display" : "Polgolla-Kandy"
  },
  {
    "code" : "20250",
    "display" : "Pujapitiya-Kandy"
  },
  {
    "code" : "20112",
    "display" : "Pupuressa-Kandy"
  },
  {
    "code" : "20546",
    "display" : "Pussellawa-Kandy"
  },
  {
    "code" : "20580",
    "display" : "Putuhapuwa-Kandy"
  },
  {
    "code" : "20906",
    "display" : "Rajawella-Kandy"
  },
  {
    "code" : "20180",
    "display" : "Rambukpitiya-Kandy"
  },
  {
    "code" : "20676",
    "display" : "Rambukwella-Kandy"
  },
  {
    "code" : "20128",
    "display" : "Rangala-Kandy"
  },
  {
    "code" : "20922",
    "display" : "Rantembe-Kandy"
  },
  {
    "code" : "20990",
    "display" : "Rathukohodigala-Kandy"
  },
  {
    "code" : "20818",
    "display" : "Rikillagaskada-Kandy"
  },
  {
    "code" : "20730",
    "display" : "Sangarajapura-Kandy"
  },
  {
    "code" : "20044",
    "display" : "Senarathwela-Kandy"
  },
  {
    "code" : "20904",
    "display" : "Talatuoya-Kandy"
  },
  {
    "code" : "20200",
    "display" : "Tawalantenna-Kandy"
  },
  {
    "code" : "20838",
    "display" : "Teldeniya-Kandy"
  },
  {
    "code" : "20900",
    "display" : "Tennekumbura-Kandy"
  },
  {
    "code" : "20166",
    "display" : "Uda Peradeniya-Kandy"
  },
  {
    "code" : "20404",
    "display" : "Udahentenna-Kandy"
  },
  {
    "code" : "20506",
    "display" : "Udahingulwala-Kandy"
  },
  {
    "code" : "20094",
    "display" : "Udatalawinna-Kandy"
  },
  {
    "code" : "20802",
    "display" : "Udawatta-Kandy"
  },
  {
    "code" : "20722",
    "display" : "Udispattuwa-Kandy"
  },
  {
    "code" : "20916",
    "display" : "Ududumbara-Kandy"
  },
  {
    "code" : "20950",
    "display" : "Uduwa-Kandy"
  },
  {
    "code" : "20052",
    "display" : "Uduwahinna-Kandy"
  },
  {
    "code" : "20934",
    "display" : "Uduwela-Kandy"
  },
  {
    "code" : "20164",
    "display" : "Ulapane-Kandy"
  },
  {
    "code" : "20562",
    "display" : "Ulpothagama-Kandy"
  },
  {
    "code" : "20965",
    "display" : "Unuwinna-Kandy"
  },
  {
    "code" : "20708",
    "display" : "Velamboda-Kandy"
  },
  {
    "code" : "20640",
    "display" : "Wattappola-Kandy"
  },
  {
    "code" : "20454",
    "display" : "Wattegama-Kandy"
  },
  {
    "code" : "20810",
    "display" : "Watagoda Harispattuwa-Kandy"
  },
  {
    "code" : "20134",
    "display" : "Weligalla-Kandy"
  },
  {
    "code" : "20610",
    "display" : "Weligampola-Kandy"
  },
  {
    "code" : "20666",
    "display" : "Wendaruwa-Kandy"
  },
  {
    "code" : "20914",
    "display" : "Weragantota-Kandy"
  },
  {
    "code" : "20982",
    "display" : "Werapitya-Kandy"
  },
  {
    "code" : "20908",
    "display" : "Werellagama-Kandy"
  },
  {
    "code" : "20080",
    "display" : "Wettawa-Kandy"
  },
  {
    "code" : "20108",
    "display" : "Wilanagama-Kandy"
  },
  {
    "code" : "20142",
    "display" : "Yahalatenna-Kandy"
  },
  {
    "code" : "20234",
    "display" : "Yatihalagala-Kandy"
  }]
}