{
  "resourceType" : "CodeSystem",
  "id" : "lk-core-district-cs",
  "text" : {
    "status" : "generated",
    "div" : "<div xmlns=\"http://www.w3.org/1999/xhtml\">Placeholder</div>"
  },
  "url" : "http://fhir.health.gov.lk/CodeSystem/lk-core-district-cs",
  "version" : "0.1.0",
  "name" : "LKCoreDistrictCS",
  "title" : "LK Core District Code System",
  "status" : "draft",
  "date" : "2023-09-05T15:30:49+05:30",
  "description" : "LK Core District Code System",
  "content" : "complete",
  "count" : 25,
  "concept" : [{
    "code" : "LK-11",
    "display" : "Colombo"
  },
  {
    "code" : "LK-12",
    "display" : "Gampaha"
  },
  {
    "code" : "LK-13",
    "display" : "Kalutara"
  },
  {
    "code" : "LK-21",
    "display" : "Kandy"
  },
  {
    "code" : "LK-22",
    "display" : "Matale"
  },
  {
    "code" : "LK-23",
    "display" : "Nuwara Eliya"
  },
  {
    "code" : "LK-31",
    "display" : "Galle"
  },
  {
    "code" : "LK-32",
    "display" : "Matara"
  },
  {
    "code" : "LK-33",
    "display" : "Hambantota"
  },
  {
    "code" : "LK-41",
    "display" : "Jaffna"
  },
  {
    "code" : "LK-42",
    "display" : "Kilinochchi"
  },
  {
    "code" : "LK-43",
    "display" : "Mannar"
  },
  {
    "code" : "LK-44",
    "display" : "Vavuniya"
  },
  {
    "code" : "LK-45",
    "display" : "Mullaittivu"
  },
  {
    "code" : "LK-51",
    "display" : "Batticaloa"
  },
  {
    "code" : "LK-52",
    "display" : "Ampara"
  },
  {
    "code" : "LK-53",
    "display" : "Trincomalee"
  },
  {
    "code" : "LK-61",
    "display" : "Kurunegala"
  },
  {
    "code" : "LK-62",
    "display" : "Puttalam"
  },
  {
    "code" : "LK-71",
    "display" : "Anuradhapura"
  },
  {
    "code" : "LK-72",
    "display" : "Polonnaruwa"
  },
  {
    "code" : "LK-81",
    "display" : "Badulla"
  },
  {
    "code" : "LK-82",
    "display" : "Monaragala"
  },
  {
    "code" : "LK-91",
    "display" : "Ratnapura"
  },
  {
    "code" : "LK-92",
    "display" : "Kegalla"
  }]
}