{
  "resourceType" : "CodeSystem",
  "id" : "lk-core-moh-area-cs",
  "text" : {
    "status" : "generated",
    "div" : "<div xmlns=\"http://www.w3.org/1999/xhtml\">Placeholder</div>"
  },
  "url" : "http://fhir.health.gov.lk/CodeSystem/lk-core-moh-area-cs",
  "version" : "0.1.0",
  "name" : "LKCoreMOHAreaCS",
  "title" : "LK Core MOH Area Code System",
  "status" : "draft",
  "date" : "2023-09-05T15:30:49+05:30",
  "description" : "LK Core MOH Area Code System",
  "content" : "complete",
  "count" : 352,
  "concept" : [{
    "code" : "moh001",
    "display" : "Beruwala MOH"
  },
  {
    "code" : "moh002",
    "display" : "Kalutara MOH"
  },
  {
    "code" : "moh003",
    "display" : "Galenbindunuwewa MOH"
  },
  {
    "code" : "moh004",
    "display" : "Galkiriyagama (Palagala) MOH"
  },
  {
    "code" : "moh005",
    "display" : "Galnewa MOH"
  },
  {
    "code" : "moh006",
    "display" : "Horowpothana MOH"
  },
  {
    "code" : "moh007",
    "display" : "Ipalogama MOH"
  },
  {
    "code" : "moh008",
    "display" : "Kahatagasdigiliya MOH"
  },
  {
    "code" : "moh009",
    "display" : "Kebithigollewa MOH"
  },
  {
    "code" : "moh010",
    "display" : "Kekirawa MOH"
  },
  {
    "code" : "moh011",
    "display" : "Medawachchiya MOH"
  },
  {
    "code" : "moh012",
    "display" : "Mihinthale MOH"
  },
  {
    "code" : "moh013",
    "display" : "Nachchiyadoowa MOH"
  },
  {
    "code" : "moh014",
    "display" : "Nochchiyagama MOH"
  },
  {
    "code" : "moh015",
    "display" : "Nuwaragam Palatha Central MOH"
  },
  {
    "code" : "moh016",
    "display" : "Nuwaragam Palatha East MOH"
  },
  {
    "code" : "moh017",
    "display" : "Padaviya MOH"
  },
  {
    "code" : "moh018",
    "display" : "Palugaswewa MOH"
  },
  {
    "code" : "moh019",
    "display" : "Rajanganaya MOH"
  },
  {
    "code" : "moh020",
    "display" : "Rambewa MOH"
  },
  {
    "code" : "moh021",
    "display" : "Thalawa MOH"
  },
  {
    "code" : "moh022",
    "display" : "Thambuttegama MOH"
  },
  {
    "code" : "moh023",
    "display" : "Thirappane MOH"
  },
  {
    "code" : "moh024",
    "display" : "Wilachchiya MOH"
  },
  {
    "code" : "moh025",
    "display" : "Ampara MOH"
  },
  {
    "code" : "moh026",
    "display" : "Damana MOH"
  },
  {
    "code" : "moh027",
    "display" : "Dehiattakandiya MOH"
  },
  {
    "code" : "moh028",
    "display" : "Lahugala MOH"
  },
  {
    "code" : "moh029",
    "display" : "Maha Oya MOH"
  },
  {
    "code" : "moh030",
    "display" : "Padiyatalawa MOH"
  },
  {
    "code" : "moh031",
    "display" : "Uhana MOH"
  },
  {
    "code" : "moh032",
    "display" : "Arayampathy MOH"
  },
  {
    "code" : "moh033",
    "display" : "Batticoloa MOH"
  },
  {
    "code" : "moh034",
    "display" : "Chenkalady MOH"
  },
  {
    "code" : "moh035",
    "display" : "Eravur MOH"
  },
  {
    "code" : "moh036",
    "display" : "Kalawanchikudy MOH"
  },
  {
    "code" : "moh037",
    "display" : "Katankudy MOH"
  },
  {
    "code" : "moh038",
    "display" : "Kiran MOH"
  },
  {
    "code" : "moh039",
    "display" : "Koralaipattu Central MOH"
  },
  {
    "code" : "moh040",
    "display" : "Oddamavadi MOH"
  },
  {
    "code" : "moh041",
    "display" : "Paddipallai MOH"
  },
  {
    "code" : "moh042",
    "display" : "Vakarai MOH"
  },
  {
    "code" : "moh043",
    "display" : "Valaichcheni MOH"
  },
  {
    "code" : "moh044",
    "display" : "Vavunativu MOH"
  },
  {
    "code" : "moh045",
    "display" : "Vellavelly MOH"
  },
  {
    "code" : "moh046",
    "display" : "Badulla MOH"
  },
  {
    "code" : "moh047",
    "display" : "Bandarawela MOH"
  },
  {
    "code" : "moh048",
    "display" : "Ella MOH"
  },
  {
    "code" : "moh049",
    "display" : "Girandurukotte MOH"
  },
  {
    "code" : "moh050",
    "display" : "Haldummulla MOH"
  },
  {
    "code" : "moh051",
    "display" : "Hali-Ela MOH"
  },
  {
    "code" : "moh052",
    "display" : "Haputale MOH"
  },
  {
    "code" : "moh053",
    "display" : "Kandaketiya MOH"
  },
  {
    "code" : "moh054",
    "display" : "Lunugala MOH"
  },
  {
    "code" : "moh055",
    "display" : "Mahiyanganaya MOH"
  },
  {
    "code" : "moh056",
    "display" : "Meegahakivula MOH"
  },
  {
    "code" : "moh057",
    "display" : "Passara MOH"
  },
  {
    "code" : "moh058",
    "display" : "Rideemaliyadda MOH"
  },
  {
    "code" : "moh059",
    "display" : "Soranathota MOH"
  },
  {
    "code" : "moh060",
    "display" : "Uva Paranagama MOH"
  },
  {
    "code" : "moh061",
    "display" : "Welimada MOH"
  },
  {
    "code" : "moh062",
    "display" : "Baththaramulla MOH"
  },
  {
    "code" : "moh063",
    "display" : "Boralesgamuwa MOH"
  },
  {
    "code" : "moh064",
    "display" : "Colombo MOH"
  },
  {
    "code" : "moh065",
    "display" : "Dehiwala MOH"
  },
  {
    "code" : "moh066",
    "display" : "Hanwella MOH"
  },
  {
    "code" : "moh067",
    "display" : "Homagama MOH"
  },
  {
    "code" : "moh068",
    "display" : "Kaduwela MOH"
  },
  {
    "code" : "moh069",
    "display" : "Kahathuduwa MOH"
  },
  {
    "code" : "moh070",
    "display" : "Kolonnawa MOH"
  },
  {
    "code" : "moh071",
    "display" : "Maharagama MOH"
  },
  {
    "code" : "moh072",
    "display" : "Moratuwa MOH"
  },
  {
    "code" : "moh073",
    "display" : "Nugegoda MOH"
  },
  {
    "code" : "moh074",
    "display" : "Padukka MOH"
  },
  {
    "code" : "moh075",
    "display" : "Piliyandala (Kesbewa) MOH"
  },
  {
    "code" : "moh076",
    "display" : "Pitakotte (Kotte) MOH"
  },
  {
    "code" : "moh077",
    "display" : "Rathmalana MOH"
  },
  {
    "code" : "moh078",
    "display" : "Akmeemana MOH"
  },
  {
    "code" : "moh079",
    "display" : "Ambalangoda MOH"
  },
  {
    "code" : "moh080",
    "display" : "Baddegama MOH"
  },
  {
    "code" : "moh081",
    "display" : "Balapitiya MOH"
  },
  {
    "code" : "moh082",
    "display" : "Bentota (Induruwa) MOH"
  },
  {
    "code" : "moh083",
    "display" : "Bope - Poddala MOH"
  },
  {
    "code" : "moh084",
    "display" : "Elpitiya MOH"
  },
  {
    "code" : "moh085",
    "display" : "Galle MC MOH"
  },
  {
    "code" : "moh086",
    "display" : "Gonapinuwala MOH"
  },
  {
    "code" : "moh087",
    "display" : "Habaraduwa MOH"
  },
  {
    "code" : "moh088",
    "display" : "Hikkaduwa MOH"
  },
  {
    "code" : "moh089",
    "display" : "Imaduwa MOH"
  },
  {
    "code" : "moh090",
    "display" : "Karandeniya MOH"
  },
  {
    "code" : "moh091",
    "display" : "Nagoda (Udugama) MOH"
  },
  {
    "code" : "moh092",
    "display" : "Neluwa MOH"
  },
  {
    "code" : "moh093",
    "display" : "Niyagama MOH"
  },
  {
    "code" : "moh094",
    "display" : "Rathganga MOH"
  },
  {
    "code" : "moh095",
    "display" : "Thawalama MOH"
  },
  {
    "code" : "moh096",
    "display" : "Walivitiya (Divithura) MOH"
  },
  {
    "code" : "moh097",
    "display" : "Yakkalamulla MOH"
  },
  {
    "code" : "moh098",
    "display" : "Attanagalla MOH"
  },
  {
    "code" : "moh099",
    "display" : "Biyagama MOH"
  },
  {
    "code" : "moh100",
    "display" : "Divulapitiya MOH"
  },
  {
    "code" : "moh101",
    "display" : "Gampaha MOH"
  },
  {
    "code" : "moh102",
    "display" : "Ja-Ela MOH"
  },
  {
    "code" : "moh103",
    "display" : "Katana MOH"
  },
  {
    "code" : "moh104",
    "display" : "Katunayake (BOI) MOH"
  },
  {
    "code" : "moh105",
    "display" : "Kelaniya MOH"
  },
  {
    "code" : "moh106",
    "display" : "Mahara MOH"
  },
  {
    "code" : "moh107",
    "display" : "Minuwangoda MOH"
  },
  {
    "code" : "moh108",
    "display" : "Mirigama MOH"
  },
  {
    "code" : "moh109",
    "display" : "Negombo MOH"
  },
  {
    "code" : "moh110",
    "display" : "Pugoda (Dompe) MOH"
  },
  {
    "code" : "moh111",
    "display" : "Ragama MOH"
  },
  {
    "code" : "moh112",
    "display" : "Seeduwa MOH"
  },
  {
    "code" : "moh113",
    "display" : "Wattala MOH"
  },
  {
    "code" : "moh114",
    "display" : "Ambalanthota MOH"
  },
  {
    "code" : "moh115",
    "display" : "Angunakolapelessa MOH"
  },
  {
    "code" : "moh116",
    "display" : "Beliatta MOH"
  },
  {
    "code" : "moh117",
    "display" : "Hambantota MOH"
  },
  {
    "code" : "moh118",
    "display" : "Katuwana MOH"
  },
  {
    "code" : "moh119",
    "display" : "Lunugamvehera MOH"
  },
  {
    "code" : "moh120",
    "display" : "Okewela MOH"
  },
  {
    "code" : "moh121",
    "display" : "Sooriyawewa MOH"
  },
  {
    "code" : "moh122",
    "display" : "Tangalle MOH"
  },
  {
    "code" : "moh123",
    "display" : "Thissamaharama MOH"
  },
  {
    "code" : "moh124",
    "display" : "Walasmulla MOH"
  },
  {
    "code" : "moh125",
    "display" : "Weeraketiya MOH"
  },
  {
    "code" : "moh126",
    "display" : "Ampan (Point Pedro) MOH"
  },
  {
    "code" : "moh127",
    "display" : "Chankanai - Walikamam West MOH"
  },
  {
    "code" : "moh128",
    "display" : "Chavakachchari MOH"
  },
  {
    "code" : "moh129",
    "display" : "Jaffna MOH"
  },
  {
    "code" : "moh130",
    "display" : "Karaveddy MOH"
  },
  {
    "code" : "moh131",
    "display" : "Kayts MOH"
  },
  {
    "code" : "moh132",
    "display" : "Kopay MOH"
  },
  {
    "code" : "moh133",
    "display" : "Nallur MOH"
  },
  {
    "code" : "moh134",
    "display" : "Sandilipay MOH"
  },
  {
    "code" : "moh135",
    "display" : "Telippalai MOH"
  },
  {
    "code" : "moh136",
    "display" : "Uduvil MOH"
  },
  {
    "code" : "moh137",
    "display" : "Velanai (Island South) MOH"
  },
  {
    "code" : "moh138",
    "display" : "Aranayaka MOH"
  },
  {
    "code" : "moh139",
    "display" : "Bulathkohupitiya MOH"
  },
  {
    "code" : "moh140",
    "display" : "Dehiovita MOH"
  },
  {
    "code" : "moh141",
    "display" : "Deraniyagala MOH"
  },
  {
    "code" : "moh142",
    "display" : "Galigamuwa MOH"
  },
  {
    "code" : "moh143",
    "display" : "Kegalle MOH"
  },
  {
    "code" : "moh144",
    "display" : "Mawanella MOH"
  },
  {
    "code" : "moh145",
    "display" : "Rambukkana MOH"
  },
  {
    "code" : "moh146",
    "display" : "Ruwanwella MOH"
  },
  {
    "code" : "moh147",
    "display" : "Warakapola MOH"
  },
  {
    "code" : "moh148",
    "display" : "Yatiyanthota MOH"
  },
  {
    "code" : "moh149",
    "display" : "Alawwa MOH"
  },
  {
    "code" : "moh150",
    "display" : "Ambanpola MOH"
  },
  {
    "code" : "moh151",
    "display" : "Bamunukotuwa MOH"
  },
  {
    "code" : "moh152",
    "display" : "Bingiriya MOH"
  },
  {
    "code" : "moh153",
    "display" : "Galgamuwa MOH"
  },
  {
    "code" : "moh154",
    "display" : "Ganewatta MOH"
  },
  {
    "code" : "moh155",
    "display" : "Giribawa MOH"
  },
  {
    "code" : "moh156",
    "display" : "Ibbagamuwa (Gokarella) MOH"
  },
  {
    "code" : "moh157",
    "display" : "Kobeigane MOH"
  },
  {
    "code" : "moh158",
    "display" : "Kotawehera MOH"
  },
  {
    "code" : "moh159",
    "display" : "Kuliyapitiya East MOH"
  },
  {
    "code" : "moh160",
    "display" : "Kuliyapitiya West MOH"
  },
  {
    "code" : "moh161",
    "display" : "Kurunegala MOH"
  },
  {
    "code" : "moh162",
    "display" : "Kurunegala MC MOH"
  },
  {
    "code" : "moh163",
    "display" : "Maho MOH"
  },
  {
    "code" : "moh164",
    "display" : "Mallawapitiya MOH"
  },
  {
    "code" : "moh165",
    "display" : "Maspotha MOH"
  },
  {
    "code" : "moh166",
    "display" : "Mawathagama MOH"
  },
  {
    "code" : "moh167",
    "display" : "Narammala MOH"
  },
  {
    "code" : "moh168",
    "display" : "Nikaweratiya MOH"
  },
  {
    "code" : "moh169",
    "display" : "Paduwasnuwara West MOH"
  },
  {
    "code" : "moh170",
    "display" : "Panduwasnuwara East MOH"
  },
  {
    "code" : "moh171",
    "display" : "Pannala MOH"
  },
  {
    "code" : "moh172",
    "display" : "Polgahawela MOH"
  },
  {
    "code" : "moh173",
    "display" : "Polpithigama MOH"
  },
  {
    "code" : "moh174",
    "display" : "Rasnayakapura MOH"
  },
  {
    "code" : "moh175",
    "display" : "Rideegama MOH"
  },
  {
    "code" : "moh176",
    "display" : "Udubaddawa MOH"
  },
  {
    "code" : "moh177",
    "display" : "Wariyapola MOH"
  },
  {
    "code" : "moh178",
    "display" : "Weerabugedara MOH"
  },
  {
    "code" : "moh179",
    "display" : "Addalachchenai MOH"
  },
  {
    "code" : "moh180",
    "display" : "Akkaraipathu MOH"
  },
  {
    "code" : "moh181",
    "display" : "Alayadivembu MOH"
  },
  {
    "code" : "moh182",
    "display" : "Irakkamam MOH"
  },
  {
    "code" : "moh183",
    "display" : "Kalmunai North MOH"
  },
  {
    "code" : "moh184",
    "display" : "Kalmunai South MOH"
  },
  {
    "code" : "moh185",
    "display" : "Karaitivu MOH"
  },
  {
    "code" : "moh186",
    "display" : "Navithanveli MOH"
  },
  {
    "code" : "moh187",
    "display" : "Ninthavur MOH"
  },
  {
    "code" : "moh188",
    "display" : "Pottuvil MOH"
  },
  {
    "code" : "moh189",
    "display" : "Sainthamaruthu MOH"
  },
  {
    "code" : "moh190",
    "display" : "Sammanthurai MOH"
  },
  {
    "code" : "moh191",
    "display" : "Thirukkovil MOH"
  },
  {
    "code" : "moh192",
    "display" : "Kandawalai MOH"
  },
  {
    "code" : "moh193",
    "display" : "Karachchi (Kilinochchci) MOH"
  },
  {
    "code" : "moh194",
    "display" : "Pallai MOH"
  },
  {
    "code" : "moh195",
    "display" : "Poonakery MOH"
  },
  {
    "code" : "moh196",
    "display" : "Agalawatta MOH"
  },
  {
    "code" : "moh197",
    "display" : "Bandaragama MOH"
  },
  {
    "code" : "moh198",
    "display" : "Bulathsinhala MOH"
  },
  {
    "code" : "moh199",
    "display" : "Dodangoda MOH"
  },
  {
    "code" : "moh200",
    "display" : "Horana MOH"
  },
  {
    "code" : "moh201",
    "display" : "Ingiriya MOH"
  },
  {
    "code" : "moh202",
    "display" : "Madurawala MOH"
  },
  {
    "code" : "moh203",
    "display" : "Mathugama MOH"
  },
  {
    "code" : "moh204",
    "display" : "Millaniya MOH"
  },
  {
    "code" : "moh205",
    "display" : "Palindanuwara MOH"
  },
  {
    "code" : "moh206",
    "display" : "Panadura MOH"
  },
  {
    "code" : "moh207",
    "display" : "Wadduwa MOH"
  },
  {
    "code" : "moh208",
    "display" : "Walallawita MOH"
  },
  {
    "code" : "moh209",
    "display" : "Akurana MOH"
  },
  {
    "code" : "moh210",
    "display" : "Bambaradeniya MOH"
  },
  {
    "code" : "moh211",
    "display" : "Doluwa MOH"
  },
  {
    "code" : "moh212",
    "display" : "Galagedara MOH"
  },
  {
    "code" : "moh213",
    "display" : "Galaha MOH"
  },
  {
    "code" : "moh214",
    "display" : "Gampola (Udapalatha) MOH"
  },
  {
    "code" : "moh215",
    "display" : "Gangawata Korale MOH"
  },
  {
    "code" : "moh216",
    "display" : "Hasalaka MOH"
  },
  {
    "code" : "moh217",
    "display" : "Hatharaliyadda MOH"
  },
  {
    "code" : "moh218",
    "display" : "Kandy MC MOH"
  },
  {
    "code" : "moh219",
    "display" : "Kundasale MOH"
  },
  {
    "code" : "moh220",
    "display" : "Kurunduwaththa (Gangaihala) MOH"
  },
  {
    "code" : "moh221",
    "display" : "Medadumbara (Medamahanuwara) MOH"
  },
  {
    "code" : "moh222",
    "display" : "Menikhinna MOH"
  },
  {
    "code" : "moh223",
    "display" : "Panvila MOH"
  },
  {
    "code" : "moh224",
    "display" : "Pasbage (Nawalapitiya) MOH"
  },
  {
    "code" : "moh225",
    "display" : "Poojapitiya MOH"
  },
  {
    "code" : "moh226",
    "display" : "Thalathuoya MOH"
  },
  {
    "code" : "moh227",
    "display" : "Udadumbara MOH"
  },
  {
    "code" : "moh228",
    "display" : "Udunuwara MOH"
  },
  {
    "code" : "moh229",
    "display" : "Waththegama (Pathadumbara) MOH"
  },
  {
    "code" : "moh230",
    "display" : "Werellagama (Harispattuwa) MOH"
  },
  {
    "code" : "moh231",
    "display" : "Yatinuwara (Kadugannawa) MOH"
  },
  {
    "code" : "moh232",
    "display" : "Badalkumbura MOH"
  },
  {
    "code" : "moh233",
    "display" : "Bibile MOH"
  },
  {
    "code" : "moh234",
    "display" : "Buttala MOH"
  },
  {
    "code" : "moh235",
    "display" : "Kataragama MOH"
  },
  {
    "code" : "moh236",
    "display" : "Madulla MOH"
  },
  {
    "code" : "moh237",
    "display" : "Medagama MOH"
  },
  {
    "code" : "moh238",
    "display" : "Moneragala MOH"
  },
  {
    "code" : "moh239",
    "display" : "Sevanagala MOH"
  },
  {
    "code" : "moh240",
    "display" : "Siyambalanduwa MOH"
  },
  {
    "code" : "moh241",
    "display" : "Thanamalwila MOH"
  },
  {
    "code" : "moh242",
    "display" : "Wellawaya MOH"
  },
  {
    "code" : "moh243",
    "display" : "Mallavi MOH"
  },
  {
    "code" : "moh244",
    "display" : "Manthai East MOH"
  },
  {
    "code" : "moh245",
    "display" : "Mullaitivu MOH"
  },
  {
    "code" : "moh246",
    "display" : "Oddusudan MOH"
  },
  {
    "code" : "moh247",
    "display" : "Puthukkudyiruppu MOH"
  },
  {
    "code" : "moh248",
    "display" : "Welioya MOH"
  },
  {
    "code" : "moh249",
    "display" : "Adampan MOH"
  },
  {
    "code" : "moh250",
    "display" : "Madhu MOH"
  },
  {
    "code" : "moh251",
    "display" : "Mannar MOH"
  },
  {
    "code" : "moh252",
    "display" : "Murunkan MOH"
  },
  {
    "code" : "moh253",
    "display" : "Musali MOH"
  },
  {
    "code" : "moh254",
    "display" : "Akuressa MOH"
  },
  {
    "code" : "moh255",
    "display" : "Athuraliya MOH"
  },
  {
    "code" : "moh256",
    "display" : "Deniyaya (Kotapola) MOH"
  },
  {
    "code" : "moh257",
    "display" : "Devinuwara MOH"
  },
  {
    "code" : "moh258",
    "display" : "Dickwella MOH"
  },
  {
    "code" : "moh259",
    "display" : "Hakmana MOH"
  },
  {
    "code" : "moh260",
    "display" : "Kamburupitiya MOH"
  },
  {
    "code" : "moh261",
    "display" : "Kirinda-Puhulwella MOH"
  },
  {
    "code" : "moh262",
    "display" : "Malimbada MOH"
  },
  {
    "code" : "moh263",
    "display" : "Matara MC MOH"
  },
  {
    "code" : "moh264",
    "display" : "Matara PS Kekanadura MOH"
  },
  {
    "code" : "moh265",
    "display" : "Morawaka MOH"
  },
  {
    "code" : "moh266",
    "display" : "Mulatiyana MOH"
  },
  {
    "code" : "moh267",
    "display" : "Pasgoda (Urubokka) MOH"
  },
  {
    "code" : "moh268",
    "display" : "Thihagoda MOH"
  },
  {
    "code" : "moh269",
    "display" : "Weligama MOH"
  },
  {
    "code" : "moh270",
    "display" : "Welipitiya MOH"
  },
  {
    "code" : "moh271",
    "display" : "Ambanganga Korale MOH"
  },
  {
    "code" : "moh272",
    "display" : "Dambulla MOH"
  },
  {
    "code" : "moh273",
    "display" : "Dambulla MC MOH"
  },
  {
    "code" : "moh274",
    "display" : "Galewela MOH"
  },
  {
    "code" : "moh275",
    "display" : "Laggala-Pallegama MOH"
  },
  {
    "code" : "moh276",
    "display" : "Matale MOH"
  },
  {
    "code" : "moh277",
    "display" : "Matale MC MOH"
  },
  {
    "code" : "moh278",
    "display" : "Naula MOH"
  },
  {
    "code" : "moh279",
    "display" : "Pallepola MOH"
  },
  {
    "code" : "moh280",
    "display" : "Rattota MOH"
  },
  {
    "code" : "moh281",
    "display" : "Ukuwela MOH"
  },
  {
    "code" : "moh282",
    "display" : "Wilgamuwa MOH"
  },
  {
    "code" : "moh283",
    "display" : "Yatawatta MOH"
  },
  {
    "code" : "moh284",
    "display" : "Ambagamuwa (Ginigathhena) MOH"
  },
  {
    "code" : "moh285",
    "display" : "Bogawanthalawa MOH"
  },
  {
    "code" : "moh286",
    "display" : "Kotagala MOH"
  },
  {
    "code" : "moh287",
    "display" : "Kothmale MOH"
  },
  {
    "code" : "moh288",
    "display" : "Lidula (Thalawakale) MOH"
  },
  {
    "code" : "moh289",
    "display" : "Maskeliya MOH"
  },
  {
    "code" : "moh290",
    "display" : "Maturata MOH"
  },
  {
    "code" : "moh291",
    "display" : "Nawathispane MOH"
  },
  {
    "code" : "moh292",
    "display" : "Nuwara Eliya MOH"
  },
  {
    "code" : "moh293",
    "display" : "Nuwara Eliya MC MOH"
  },
  {
    "code" : "moh294",
    "display" : "Ragala MOH"
  },
  {
    "code" : "moh295",
    "display" : "Rikillagaskada (Hanguranketha) MOH"
  },
  {
    "code" : "moh296",
    "display" : "Walapane MOH"
  },
  {
    "code" : "moh297",
    "display" : "Bakamuna (Elahera) MOH"
  },
  {
    "code" : "moh298",
    "display" : "Dimbulagala MOH"
  },
  {
    "code" : "moh299",
    "display" : "Hingurakgoda MOH"
  },
  {
    "code" : "moh300",
    "display" : "Lankapura MOH"
  },
  {
    "code" : "moh301",
    "display" : "Medirigiriya MOH"
  },
  {
    "code" : "moh302",
    "display" : "Siripura MOH"
  },
  {
    "code" : "moh303",
    "display" : "Thamankaduwa MOH"
  },
  {
    "code" : "moh304",
    "display" : "Welikanda MOH"
  },
  {
    "code" : "moh305",
    "display" : "Anamaduwa MOH"
  },
  {
    "code" : "moh306",
    "display" : "Arachchikattuwa MOH"
  },
  {
    "code" : "moh307",
    "display" : "Chilaw MOH"
  },
  {
    "code" : "moh308",
    "display" : "Dankotuwa MOH"
  },
  {
    "code" : "moh309",
    "display" : "Kalpitiya MOH"
  },
  {
    "code" : "moh310",
    "display" : "Karuwalagaswewa MOH"
  },
  {
    "code" : "moh311",
    "display" : "Madampe MOH"
  },
  {
    "code" : "moh312",
    "display" : "Mahawewa MOH"
  },
  {
    "code" : "moh313",
    "display" : "Mundalama MOH"
  },
  {
    "code" : "moh314",
    "display" : "Nattandiya MOH"
  },
  {
    "code" : "moh315",
    "display" : "Nawagarththegama MOH"
  },
  {
    "code" : "moh316",
    "display" : "Pallama MOH"
  },
  {
    "code" : "moh317",
    "display" : "Puttalam MOH"
  },
  {
    "code" : "moh318",
    "display" : "Wanathawilluwa MOH"
  },
  {
    "code" : "moh319",
    "display" : "Wennappuwa MOH"
  },
  {
    "code" : "moh320",
    "display" : "Ayagama MOH"
  },
  {
    "code" : "moh321",
    "display" : "Balangoda MOH"
  },
  {
    "code" : "moh322",
    "display" : "Eheliyagoda MOH"
  },
  {
    "code" : "moh323",
    "display" : "Elapatha MOH"
  },
  {
    "code" : "moh324",
    "display" : "Embilipitiya MOH"
  },
  {
    "code" : "moh325",
    "display" : "Godakawela MOH"
  },
  {
    "code" : "moh326",
    "display" : "Imbulpe MOH"
  },
  {
    "code" : "moh327",
    "display" : "Kahawatta MOH"
  },
  {
    "code" : "moh328",
    "display" : "Kalawana MOH"
  },
  {
    "code" : "moh329",
    "display" : "Kiriella MOH"
  },
  {
    "code" : "moh330",
    "display" : "Kolonna MOH"
  },
  {
    "code" : "moh331",
    "display" : "Kuruvita MOH"
  },
  {
    "code" : "moh332",
    "display" : "Nivithigala MOH"
  },
  {
    "code" : "moh333",
    "display" : "Openayaka MOH"
  },
  {
    "code" : "moh334",
    "display" : "Pelmadulla MOH"
  },
  {
    "code" : "moh335",
    "display" : "Rathnapura MC MOH"
  },
  {
    "code" : "moh336",
    "display" : "Ratnapura MOH"
  },
  {
    "code" : "moh337",
    "display" : "Weligepola MOH"
  },
  {
    "code" : "moh338",
    "display" : "Gomarankadavala MOH"
  },
  {
    "code" : "moh339",
    "display" : "Ichchilampathai MOH"
  },
  {
    "code" : "moh340",
    "display" : "Kantalai MOH"
  },
  {
    "code" : "moh341",
    "display" : "Kinniya MOH"
  },
  {
    "code" : "moh342",
    "display" : "Kuchchavelly MOH"
  },
  {
    "code" : "moh343",
    "display" : "Muthur MOH"
  },
  {
    "code" : "moh344",
    "display" : "Padavisripura MOH"
  },
  {
    "code" : "moh345",
    "display" : "Seruwila MOH"
  },
  {
    "code" : "moh346",
    "display" : "Thampalakamam MOH"
  },
  {
    "code" : "moh347",
    "display" : "Trincomalee MOH"
  },
  {
    "code" : "moh348",
    "display" : "Uppuveli MOH"
  },
  {
    "code" : "moh349",
    "display" : "Cheddikulam MOH"
  },
  {
    "code" : "moh350",
    "display" : "Vavuniya MOH"
  },
  {
    "code" : "moh351",
    "display" : "Vavuniya North MOH"
  },
  {
    "code" : "moh352",
    "display" : "Vavuniya South MOH"
  }]
}