{
  "resourceType" : "ValueSet",
  "id" : "lk-core-district-vs",
  "text" : {
    "status" : "generated",
    "div" : "<div xmlns=\"http://www.w3.org/1999/xhtml\">Placeholder</div>"
  },
  "url" : "http://fhir.health.gov.lk/ValueSet/lk-core-district-vs",
  "version" : "0.1.0",
  "name" : "LKCoreDistrictVS",
  "title" : "LK Core District Value Set",
  "status" : "draft",
  "date" : "2023-09-05T15:30:49+05:30",
  "description" : "LK Core District Value Set",
  "compose" : {
    "include" : [{
      "system" : "http://fhir.health.gov.lk/CodeSystem/lk-core-district-cs"
    }]
  }
}